Time (Seconds),Amplitude (Volts) [Filtered 0.3-10.0Hz]
24918,0.04479687387349295
24919,0.05112073285122865
24920,0.05753480712152556
24921,0.0640055029124604
24922,0.0704994641582324
24923,0.07698395103737007
24924,0.08342681555932338
24925,0.08979616596501919
24926,0.09606020231203075
24927,0.1021877417150961
24928,0.10814938224964873
24929,0.11391866907899942
24930,0.11947267387250976
24931,0.12479222495350285
24932,0.12986241107906266
24933,0.1346731796098027
24934,0.1392193650396719
24935,0.14349998809532202
24936,0.14751696712763182
24937,0.1512733586686742
24938,0.15477165497000125
24939,0.15801296710847956
24940,0.16099753504522785
24941,0.16372632382364144
24942,0.16620261215959659
24943,0.16843248409239794
24944,0.17042471018722255
24945,0.17219111222094738
24946,0.1737470755845142
24947,0.17511121562672977
24948,0.17630427502247595
24949,0.17734821979967488
24950,0.17826603767231222
24951,0.17908172316007476
24952,0.17981980789626142
24953,0.18050446593170874
24954,0.18115868084791983
24955,0.18180400479389433
24956,0.18246092989471316
24957,0.18314903834478943
24958,0.1838862213751282
24959,0.18468750725612004
24960,0.18556463737197762
24961,0.18652657721528182
24962,0.18758023318607764
24963,0.1887310546484565
24964,0.1899834614598422
24965,0.1913407435696809
24966,0.1928046007237343
24967,0.19437474907818236
24968,0.19604838981296208
24969,0.19781961615972887
24970,0.19967940172068466
24971,0.20161608701008482
24972,0.20361572419566035
24973,0.20566230248221812
24974,0.2077383678214372
24975,0.209826135095041
24976,0.21190872941749975
24977,0.21397124777054016
24978,0.21600150800462806
24979,0.21799034786749164
24980,0.21993139861131655
24981,0.2218205866267748
24982,0.2236557716077899
24983,0.22543654797844592
24984,0.2271640188252885
24985,0.22884060675762577
24986,0.2304698881409275
24987,0.23205613794948526
24988,0.23360351463224377
24989,0.23511512977972387
24990,0.23659215638252593
24991,0.23803312506530935
24992,0.2394335486108121
24993,0.24078588041919788
24994,0.24207988783544176
24995,0.24330337512063258
24996,0.24444294207205527
24997,0.24548472245679098
24998,0.24641526574439465
24999,0.24722242430078956
25000,0.24789590049714896
25001,0.24842739374971054
25002,0.24881043162329358
25003,0.24903992369263422
25004,0.24911183745797652
25005,0.2490234840313708
25006,0.24877412647026517
25007,0.24836522801203417
25008,0.2478002554658331
25009,0.24708447356989371
25010,0.24622511550362247
25011,0.24523182081368294
25012,0.24411685917502868
25013,0.2428951008845267
25014,0.24158416714846329
25015,0.24020490027053748
25016,0.2387817496269844
25017,0.23734248397510394
25018,0.23591696057897893
25019,0.23453531016212556
25020,0.23322613010249893
25021,0.232014744371434
25022,0.23092149539012868
25023,0.22996066101438128
25024,0.2291404528340248
25025,0.2284637800601233
25026,0.2279291391360158
25027,0.2275311589576302
25028,0.22726073478567171
25029,0.22710515330102732
25030,0.2270487284524884
25031,0.22707392456072598
25032,0.22716245461943588
25033,0.22729600417609203
25034,0.22745657657694654
25035,0.22762667969821926
25036,0.2277895471586661
25037,0.2279292993761285
25038,0.22803094066212512
25039,0.22808031225390785
25040,0.22806408001135842
25041,0.2279698124347429
25042,0.22778633433152135
25043,0.22750428747600795
25044,0.2271164935480509
25045,0.22661793363845495
25046,0.22600531859054568
25047,0.22527622022337263
25048,0.2244282883442696
25049,0.22345924919630683
25050,0.2223675238931248
25051,0.22115281820344193
25052,0.2198163748710045
25053,0.21836096103178923
25054,0.21679082545590747
25055,0.21511170949406488
25056,0.21333066209195228
25057,0.21145550967493953
25058,0.209494146933438
25059,0.20745366643704952
25060,0.20533928599920745
25061,0.203153407443057
25062,0.2008952477965949
25063,0.1985612666932689
25064,0.19614632313622155
25065,0.19364522473693574
25066,0.19105437773391626
25067,0.18837319799668817
25068,0.18560472205132017
25069,0.18275536684205956
25070,0.17983445172119583
25071,0.1768538517754664
25072,0.17382778110442107
25073,0.17077273805607035
25074,0.16770749301014076
25075,0.16465275916162236
25076,0.161630440115867
25077,0.15866271353888162
25078,0.15577097062831105
25079,0.1529745926165327
25080,0.15028996578920484
25081,0.14773002240458893
25082,0.14530438690779302
25083,0.1430198527789234
25084,0.14088041353087877
25085,0.13888681662193852
25086,0.13703651632855185
25087,0.13532433577004843
25088,0.13374327382942414
25089,0.13228480175790458
25090,0.1309385135505517
25091,0.1296916710984626
25092,0.12852918803419877
25093,0.1274340277700435
25094,0.12638788826057415
25095,0.1253721325716965
25096,0.12436864123846514
25097,0.12336037669371815
25098,0.12233201628880748
25099,0.12127079788216436
25100,0.1201670686944461
25101,0.11901426997724317
25102,0.11780869960246237
25103,0.1165494720012152
25104,0.11523885658616782
25105,0.1138826975987349
25106,0.1124902935031974
25107,0.11107373714740826
25108,0.10964728399707696
25109,0.10822659188127748
25110,0.1068271963773062
25111,0.10546256360470789
25112,0.10414286839311007
25113,0.1028749877633711
25114,0.10166311431168974
25115,0.10050928635404453
25116,0.09941384651891906
25117,0.09837606011081328
25118,0.09739454516006021
25119,0.09646714616061416
25120,0.0955906284816143
25121,0.09476070100887704
25122,0.09397222624835702
25123,0.09321926025416295
25124,0.09249506717356766
25125,0.0917924884118496
25126,0.09110467858528908
25127,0.09042577264267807
25128,0.08975096191281731
25129,0.08907597339043766
25130,0.0883966068474705
25131,0.08770878336096208
25132,0.08700899431049056
25133,0.08629512803978862
25134,0.08556747710893081
25135,0.08482931546398961
25136,0.08408707167630547
25137,0.08335066979263012
25138,0.08263385544902657
25139,0.08195395228999919
25140,0.0813311944015992
25141,0.08078782614727717
25142,0.08034666783997343
25143,0.08002912919595576
25144,0.07985319874023505
25145,0.07983190575753768
25146,0.07997242724522038
25147,0.08027603266823363
25148,0.08073900874977474
25149,0.08135411957314215
25150,0.08211196795488018
25151,0.08300207902385798
25152,0.08401375383556547
25153,0.08513665258026668
25154,0.08636109035000825
25155,0.08767815440089688
25156,0.08907963799183985
25157,0.09055765832126944
25158,0.09210432617662812
25159,0.09371195792801845
25160,0.09537348215224059
25161,0.09708271783216921
25162,0.09883469625234984
25163,0.10062575812233168
25164,0.1024531987032481
25165,0.10431491873676614
25166,0.10620938361990699
25167,0.10813572711756564
25168,0.11009384461281388
25169,0.11208430479774775
25170,0.11410797962455152
25171,0.11616564636149593
25172,0.11825774714636374
25173,0.12038414208809914
25174,0.12254387684477919
25175,0.1247354100383192
25176,0.12695742117211498
25177,0.12920945861208832
25178,0.13149179925027316
25179,0.13380484646607876
25180,0.13614848273718938
25181,0.13852110890802904
25182,0.14091815762240828
25183,0.1433308097324913
25184,0.14574596214050212
25185,0.14814761108000438
25186,0.15051892779128767
25187,0.15284418417310522
25188,0.15511011309240513
25189,0.1573068524169789
25190,0.15942864949795466
25191,0.16147396871387737
25192,0.16344485029300998
25193,0.16534632964286627
25194,0.16718649735953112
25195,0.16897662605001906
25196,0.17073074593979587
25197,0.17246468813221164
25198,0.1741949136970462
25199,0.1759376840548743
25200,0.17770890144461893
25201,0.17952424886517201
25202,0.18139918535673977
25203,0.1833487862851203
25204,0.18538754869066834
25205,0.1875293047328788
25206,0.18978732229586953
25207,0.19217427691765956
25208,0.19470174080691827
25209,0.19737940158934691
25210,0.20021452991699096
25211,0.20321194579469457
25212,0.20637433377816433
25213,0.2097026452579078
25214,0.21319652026037333
25215,0.2168547961448789
25216,0.2206760087166204
25217,0.22465848348789724
25218,0.2287999351001723
25219,0.23309735174320112
25220,0.23754783146598712
25221,0.2421500203222653
25222,0.24690524669080866
25223,0.25181768135495547
25224,0.256893650476625
25225,0.26214079772366233
25226,0.26756731026432684
25227,0.2731809301477431
25228,0.2789879382958008
25229,0.2849925129340769
25230,0.29119635740327654
25231,0.29759834849507216
25232,0.3041942033520067
25233,0.31097631413388516
25234,0.31793391599226317
25235,0.3250533205111801
25236,0.33231759373497766
25237,0.3397057988291403
25238,0.347192661895713
25239,0.35474901533121217
25240,0.3623426858345399
25241,0.36993955346089746
25242,0.3775048803052847
25243,0.3850049936065203
25244,0.3924088782153018
25245,0.3996890325542778
25246,0.4068214609511739
25247,0.41378500697208714
25248,0.4205602397663776
25249,0.42712848668440745
25250,0.4334716709100973
25251,0.4395728376853708
25252,0.4454168519517071
25253,0.4509910644682458
25254,0.4562857659355528
25255,0.4612942188642097
25256,0.46601256129843427
25257,0.47043997876310045
25258,0.4745790354443188
25259,0.4784358561344728
25260,0.4820199024879896
25261,0.4853432171916221
25262,0.48841938640063665
25263,0.49126255062866786
25264,0.4938864196949682
25265,0.496303210700228
25266,0.49852259707376845
25267,0.5005507524834423
25268,0.5023897996298421
25269,0.5040380126968567
25270,0.5054906493825406
25271,0.5067411078023939
25272,0.5077823454008737
25273,0.5086083280763425
25274,0.5092148579932587
25275,0.5095996497253148
25276,0.5097622121609707
25277,0.5097036829240151
25278,0.509426510806742
25279,0.5089340504743993
25280,0.5082300103906504
25281,0.5073178866398512
25282,0.5062005403661634
25283,0.5048799097700961
25284,0.5033570824543661
25285,0.501632611191291
25286,0.4997065771796844
25287,0.4975783435044145
25288,0.49524628216175065
25289,0.4927076510032849
25290,0.48995835656969994
25291,0.4869924373626243
25292,0.4838017714022315
25293,0.4803763704403405
25294,0.4767051844836135
25295,0.47277710469427897
25296,0.4685816632221753
25297,0.46410929187939554
25298,0.45935129660561924
25299,0.4542997141660998
25300,0.448947274600614
25301,0.44328751918475673
25302,0.4373150387872601
25303,0.43102557351119647
25304,0.42441552291732887
25305,0.41748116533915847
25306,0.4102185764877355
25307,0.40262472286244566
25308,0.39469906477355066
25309,0.3864447767065457
25310,0.3778694777556741
25311,0.36898551329658635
25312,0.35980969437920257
25313,0.35036274127754713
25314,0.3406687844523155
25315,0.3307551086558272
25316,0.3206520554618356
25317,0.31039283650385985
25318,0.3000129681367727
25319,0.2895490702955704
25320,0.27903723620321774
25321,0.2685116934991657
25322,0.2580043628252848
25323,0.24754514742281042
25324,0.2371623277881948
25325,0.22688275734568988
25326,0.21673192999799412
25327,0.20673408909086788
25328,0.19691228519258652
25329,0.18728821974827606
25330,0.17788200665993595
25331,0.16871185883453388
25332,0.15979353614590686
25333,0.15113961117003777
25334,0.1427588996988946
25335,0.13465635550954413
25336,0.12683322002871567
25337,0.11928706275084128
25338,0.11201180330574295
25339,0.10499798031173424
25340,0.09823337277374977
25341,0.09170402508008152
25342,0.08539555307342361
25343,0.07929452408425641
25344,0.07338978817185521
25345,0.06767361260877097
25346,0.06214250118781295
25347,0.05679754558027206
25348,0.05164412402905155
25349,0.04669103899122995
25350,0.041949616691351055
25351,0.037433252075784906
25352,0.03315722416900452
25353,0.029138275030822836
25354,0.02539390184009288
25355,0.021941615300307304
25356,0.018798168792486636
25357,0.01597881522800415
25358,0.013496644105529088
25359,0.011362046886890076
25360,0.009582669295853552
25361,0.008163512953619834
25362,0.0071062992702239924
25363,0.006408232631582966
25364,0.006061255469221982
25365,0.00605247489405647
25366,0.0063654561301851875
25367,0.006981561735594777
25368,0.007880475231227035
25369,0.009040035436909954
25370,0.010436193979447506
25371,0.012043153471938128
25372,0.01383362072817318
25373,0.015779018281215917
25374,0.017849513862599864
25375,0.020014642975883568
25376,0.02224452768696461
25377,0.02451081081106815
25378,0.026787050210119068
25379,0.029048528544160568
25380,0.03127216916469028
25381,0.03343742846668596
25382,0.035527529272512126
25383,0.03753038944567072
25384,0.039439154074396465
25385,0.041251673535759925
25386,0.042968991610721874
25387,0.044593803051532044
25388,0.046129086502888605
25389,0.04757681225539495
25390,0.04893702561529395
25391,0.05020755823664208
25392,0.05138437254411449
25393,0.05246218770536315
25394,0.05343515181282149
25395,0.054297847550987155
25396,0.05504663975725649
25397,0.055680913947635746
25398,0.056203711354287866
25399,0.0566211981182943
25400,0.05694117434271273
25401,0.057171765299926625
25402,0.05732091392579941
25403,0.05739647760554095
25404,0.05740648241496288
25405,0.05735932038270658
25406,0.05726405868431739
25407,0.05713057766292945
25408,0.05696903119127006
25409,0.05678881304017663
25410,0.056597665558883514
25411,0.05640134784556067
25412,0.05620349276257869
25413,0.05600514305142085
25414,0.05580437502793201
25415,0.055596649158078715
25416,0.05537575263566641
25417,0.05513480380342023
25418,0.05486705542727338
25419,0.05456623666812377
25420,0.054226313654669955
25421,0.05384114505719878
25422,0.053404381464138784
25423,0.05290952115802705
25424,0.05234980876499307
25425,0.051717631661846064
25426,0.051003622179337516
25427,0.05019602575261811
25428,0.04928082202453682
25429,0.048242747286084076
25430,0.04706675392864357
25431,0.04573923437930488
25432,0.04424879596944342
25433,0.04258696235801651
25434,0.04074881861001767
25435,0.03873315793958859
25436,0.03654222901614684
25437,0.034181353808079074
25438,0.03165868086411072
25439,0.028985356225922188
25440,0.02617570600684771
25441,0.02324703994820193
25442,0.02021910280494532
25443,0.01711339665086864
25444,0.01395295052060952
25445,0.01076209730978872
25446,0.007565379477033507
25447,0.004386330878772993
25448,0.0012467567957992753
25449,-0.0018338156103826497
25450,-0.004838353637926229
25451,-0.007752463902190476
25452,-0.010564857054759458
25453,-0.013267390922013622
25454,-0.01585472871993865
25455,-0.018324582148801893
25456,-0.02067813399046531
25457,-0.022919978278073072
25458,-0.025058141393166866
25459,-0.02710431534381791
25460,-0.02907366674826989
25461,-0.030984255802969374
25462,-0.03285636644007961
25463,-0.03471152826137697
25464,-0.0365711638099141
25465,-0.0384551419825494
25466,-0.040380482096554204
25467,-0.04236046685577749
25468,-0.04440429452080796
25469,-0.04651700794417041
25470,-0.04869938145336811
25471,-0.050947944914281895
25472,-0.05325536148599497
25473,-0.05561095604398669
25474,-0.058001351504852305
25475,-0.06041125522461538
25476,-0.06282425999802344
25477,-0.0652237618470713
25478,-0.06759391657346997
25479,-0.06992011671162279
25480,-0.07218906218508875
25481,-0.07438907569411418
25482,-0.07651066973453063
25483,-0.07854689675888171
25484,-0.08049346792851558
25485,-0.08234870336743777
25486,-0.0841131005286389
25487,-0.08578867705078519
25488,-0.08737861403139463
25489,-0.08888743952865857
25490,-0.09032151851596104
25491,-0.09168951649860924
25492,-0.09300281619334255
25493,-0.09427594610025675
25494,-0.09552678715170021
25495,-0.09677630967763462
25496,-0.09804795585808734
25497,-0.09936690148594318
25498,-0.10075920469989652
25499,-0.10225084006325069
25500,-0.1038668080308171
25501,-0.10563038423744747
25502,-0.10756213723853042
25503,-0.10967856547509125
25504,-0.11199119571703989
25505,-0.11450685062011912
25506,-0.11722839103676486
25507,-0.12015509280921671
25508,-0.12328314714452948
25509,-0.12660689741749848
25510,-0.13012022674076276
25511,-0.1338174286211433
25512,-0.13769353294542774
25513,-0.14174403544623726
25514,-0.14596402089446237
25515,-0.1503468561693993
25516,-0.1548826052198367
25517,-0.1595564671591725
25518,-0.16434759418043532
25519,-0.16922826531160987
25520,-0.1741632101582776
25521,-0.1791092590025615
25522,-0.18401558106571753
25523,-0.1888245657193873
25524,-0.19347346801102522
25525,-0.19789672996159052
25526,-0.20202870637247877
25527,-0.20580664004360727
25528,-0.20917348899856733
25529,-0.2120801851518856
25530,-0.21448720942155647
25531,-0.21636505989930827
25532,-0.21769307115344205
25533,-0.21845708411650971
25534,-0.21864726710478832
25535,-0.21825681413886394
25536,-0.21728142727847133
25537,-0.2157193596781446
25538,-0.21357183773080016
25539,-0.21084346260588827
25540,-0.20754227983845544
25541,-0.2036799515475254
25542,-0.19927249911009634
25543,-0.19434113083258817
25544,-0.18891258360705054
25545,-0.1830192263694144
25546,-0.17669945759078426
25547,-0.16999832718571997
25548,-0.16296800344296325
25549,-0.15566795536201364
25550,-0.1481643547416468
25551,-0.1405283232148446
25552,-0.13283382287101353
25553,-0.12515592484026616
25554,-0.11756894775786764
25555,-0.11014414054987032
25556,-0.10294783069086821
25557,-0.09604066910061787
25558,-0.08947747702711847
25559,-0.08330705431590962
25560,-0.07757167714657293
25561,-0.07230641224157922
25562,-0.06753864101261256
25563,-0.06328818145263962
25564,-0.05956811092835321
25565,-0.05638585490646614
25566,-0.05374376313122786
25567,-0.05163884420894252
25568,-0.05006245480825497
25569,-0.04900088241230119
25570,-0.0484364550863651
25571,-0.04834827111334292
25572,-0.048712582918153585
25573,-0.04950344830411929
25574,-0.05069373512713929
25575,-0.05225598356393907
25576,-0.05416268087208738
25577,-0.05638619376490539
25578,-0.05889905137114669
25579,-0.0616745798184274
25580,-0.06468739824374803
25581,-0.0679137446904111
25582,-0.07133181028886228
25583,-0.0749220681034352
25584,-0.07866705788721216
25585,-0.08255015701314666
25586,-0.08655411961350255
25587,-0.09066018905221326
25588,-0.0948478395530152
25589,-0.0990952064421452
25590,-0.10337946956244838
25591,-0.10767653693603899
25592,-0.11196100626596776
25593,-0.11620690022843692
25594,-0.12038824895420808
25595,-0.12447918212222445
25596,-0.12845407239796214
25597,-0.13228825585667037
25598,-0.13595933594863488
25599,-0.1394481111572623
25600,-0.1427384770162107
25601,-0.14581721951627064
25602,-0.1486742970685485
25603,-0.15130282633733294
25604,-0.15369864873748887
25605,-0.155860125630226
25606,-0.15778787382623938
25607,-0.15948428716475085
25608,-0.16095376666525407
25609,-0.16220344380645318
25610,-0.1632429914588794
25611,-0.16408393190846002
25612,-0.16473988074638476
25613,-0.16522708250183235
25614,-0.16556384227191054
25615,-0.1657694257712464
25616,-0.165863783339558
25617,-0.16586799378349923
25618,-0.16580431168540444
25619,-0.16569532288772812
25620,-0.16556263606299862
25621,-0.16542571252054603
25622,-0.16530112607669137
25623,-0.16520216572402704
25624,-0.16513841546247618
25625,-0.1651151836952419
25626,-0.16513321922074686
25627,-0.16518909191656753
25628,-0.16527608661831808
25629,-0.16538539700028626
25630,-0.16550774403556714
25631,-0.165635529539959
25632,-0.16576492254987957
25633,-0.16589692243176057
25634,-0.16603728793957878
25635,-0.16619595267460496
25636,-0.16638623710470352
25637,-0.1666235120244409
25638,-0.16692306450040728
25639,-0.16729789035269235
25640,-0.16775744765418396
25641,-0.1683072864403553
25642,-0.16894870687823796
25643,-0.16967849325444867
25644,-0.1704892898069253
25645,-0.17137026475414824
25646,-0.17230750846084567
25647,-0.17328424948849777
25648,-0.17428111933919638
25649,-0.17527691625559996
25650,-0.1762502016681746
25651,-0.17718100762497443
25652,-0.17805181245573753
25653,-0.17884796055310678
25654,-0.17955788523445745
25655,-0.18017308960228465
25656,-0.1806879929672703
25657,-0.18109999637055627
25658,-0.18140983220211698
25659,-0.18162183505976734
25660,-0.1817437179329479
25661,-0.18178575281460893
25662,-0.18175962258794207
25663,-0.18167719058942572
25664,-0.1815495207925021
25665,-0.18138687112853744
25666,-0.18119970768242255
25667,-0.18099973163754737
25668,-0.18080034651303853
25669,-0.18061681537609484
25670,-0.18046644921116106
25671,-0.18036902570648525
25672,-0.18034707786260323
25673,-0.18042535161266424
25674,-0.18062949239404452
25675,-0.18098462622933884
25676,-0.18151401495379668
25677,-0.18223760701771352
25678,-0.18317100173579887
25679,-0.184325497615518
25680,-0.18570857327837137
25681,-0.18732384615898634
25682,-0.18917098648581615
25683,-0.1912463205105314
25684,-0.1935436450422119
25685,-0.19605460912591055
25686,-0.19876883002708512
25687,-0.20167404857660434
25688,-0.20475633500569196
25689,-0.20800046166254046
25690,-0.21139055448042463
25691,-0.21491067167753394
25692,-0.21854494705035762
25693,-0.2222774699519714
25694,-0.2260921658131956
25695,-0.22997278366165236
25696,-0.23390324064243523
25697,-0.2378682922534496
25698,-0.2418539031601967
25699,-0.24584704748679043
25700,-0.2498353071404939
25701,-0.2538065296759001
25702,-0.25774881379198866
25703,-0.26165097349595623
25704,-0.2655028073771094
25705,-0.26929458863394334
25706,-0.2730163289632313
25707,-0.2766575499972932
25708,-0.2802075330397704
25709,-0.28365571129750944
25710,-0.28699203967409803
25711,-0.29020729811204715
25712,-0.293293241143294
25713,-0.2962423353311556
25714,-0.2990471120666752
25715,-0.30169971816743485
25716,-0.304191956582203
25717,-0.30651559530005446
25718,-0.30866288407764686
25719,-0.310627110964123
25720,-0.31240283193868024
25721,-0.3139860940904866
25722,-0.3153750500629627
25723,-0.31657042728861107
25724,-0.31757563019456847
25725,-0.3183970567625999
25726,-0.31904455732604164
25727,-0.319531446942015
25728,-0.31987406227277915
25729,-0.3200912281978153
25730,-0.3202036521159481
25731,-0.32023279352252
25732,-0.3201990810324927
25733,-0.3201201737405379
25734,-0.3200101213696025
25735,-0.31987962627775746
25736,-0.31973689719529363
25737,-0.31958854534451386
25738,-0.31944039155668036
25739,-0.31929821094702826
25740,-0.3191682184383076
25741,-0.3190568502843709
25742,-0.31896971288775877
25743,-0.3189103383711729
25744,-0.31887946450497073
25745,-0.3188747894606079
25746,-0.31889083897934706
25747,-0.31891884635608614
25748,-0.3189466238900356
25749,-0.3189587268779947
25750,-0.31893744866359797
25751,-0.31886451131156734
25752,-0.31872301900412264
25753,-0.31849964694107663
25754,-0.31818659972365393
25755,-0.3177825260973618
25756,-0.3172924698044077
25757,-0.31672730181367176
25758,-0.31610264763176904
25759,-0.3154375991578985
25760,-0.3147537189292823
25761,-0.31407411776791067
25762,-0.3134221511571189
25763,-0.31282002838562173
25764,-0.31228790922831084
25765,-0.3118435694334251
25766,-0.31150233004750505
25767,-0.3112768680456013
25768,-0.31117665884065326
25769,-0.3112072748184883
25770,-0.311370150599583
25771,-0.3116631427740956
25772,-0.31208149255300976
25773,-0.3126184233401142
25774,-0.31326519285927973
25775,-0.3140112103719255
25776,-0.3148444328701562
25777,-0.31575156044584396
25778,-0.3167182681104954
25779,-0.31773012447844196
25780,-0.31877352110085067
25781,-0.3198357970739016
25782,-0.32090511151877715
25783,-0.32197041150360173
25784,-0.32302110343687385
25785,-0.32404656566177475
25786,-0.3250358500844963
25787,-0.3259775803672011
25788,-0.3268602204335399
25789,-0.3276727244154475
25790,-0.3284052750170005
25791,-0.32905035994425863
25792,-0.3296043552508553
25793,-0.3300687950877665
25794,-0.33045054588912415
25795,-0.33076094361616193
25796,-0.3310143322792928
25797,-0.33122641478919773
25798,-0.33141267861042034
25799,-0.3315872266751977
25800,-0.3317623386787213
25801,-0.3319483544030269
25802,-0.3321533792285769
25803,-0.3323831682942314
25804,-0.33264115350776063
25805,-0.33292802119335513
25806,-0.33324128076382686
25807,-0.333575628172658
25808,-0.3339238826758573
25809,-0.3342779053311271
25810,-0.33462935070743527
25811,-0.3349702703624566
25812,-0.3352936348973118
25813,-0.33559384832136113
25814,-0.3358668286456087
25815,-0.3361092884864768
25816,-0.3363179617641286
25817,-0.3364897871533718
25818,-0.33662288667039697
25819,-0.33671732974373336
25820,-0.33677512728155773
25821,-0.33679978653267023
25822,-0.3367959838385024
25823,-0.336769508000274
25824,-0.33672732048036824
25825,-0.3366777333079921
25826,-0.3366307278757383
25827,-0.33659807220750376
25828,-0.3365929148391376
25829,-0.33662881927876337
25830,-0.3367184775962132
25831,-0.33687262513259225
25832,-0.33709927658838484
25833,-0.33740294498372814
25834,-0.33778397330872706
25835,-0.33823842178452573
25836,-0.338758385408581
25837,-0.3393323724438725
25838,-0.33994584751912527
25839,-0.3405818951863387
25840,-0.34122146972315365
25841,-0.3418433599296289
25842,-0.34242461925142237
25843,-0.3429415130073496
25844,-0.3433705114116792
25845,-0.343688946142066
25846,-0.34387498762120977
25847,-0.34390710781443035
25848,-0.3437637668109418
25849,-0.34342377805214497
25850,-0.34286710989554564
25851,-0.34207556313487775
25852,-0.34103295115933524
25853,-0.339724738544002
25854,-0.33813739336042975
25855,-0.33625790718073834
25856,-0.334073806152026
25857,-0.3315735008904295
25858,-0.3287466213840675
25859,-0.32558443920025787
25860,-0.32208058378477883
25861,-0.31823163130862875
25862,-0.3140371693464738
25863,-0.30949966654202354
25864,-0.30462430274835106
25865,-0.29941842863154466
25866,-0.2938908964908542
25867,-0.2880518528789392
25868,-0.28191292758872966
25869,-0.2754873053349008
25870,-0.26878946750435834
25871,-0.26183512626785743
25872,-0.25464208255433024
25873,-0.24723190228106323
25874,-0.23963147726983436
25875,-0.23187358913847958
25876,-0.22399652378653112
25877,-0.21604347822457495
25878,-0.2080618664633413
25879,-0.20010204625190475
25880,-0.19221555674075658
25881,-0.18445346849949912
25882,-0.17686501792976583
25883,-0.16949601095474442
25884,-0.16238689010434193
25885,-0.1555712343188279
25886,-0.14907510979118566
25887,-0.14291718581246982
25888,-0.1371097350490928
25889,-0.13166007633616117
25890,-0.12657131822927686
25891,-0.12184234771785302
25892,-0.11746820183252843
25893,-0.11344106575724627
25894,-0.10975111632382356
25895,-0.10638699421015962
25896,-0.10333614106714883
25897,-0.10058501255831576
25898,-0.09811933622804109
25899,-0.09592451936626178
25900,-0.09398590125162604
25901,-0.09228890043157606
25902,-0.09081955735384856
25903,-0.08956537869731862
25904,-0.08851577987998133
25905,-0.08766199760587223
25906,-0.08699697917042659
25907,-0.08651528720355756
25908,-0.08621260868887126
25909,-0.08608500049614604
25910,-0.0861284670579806
25911,-0.08633909092805159
25912,-0.0867137168491906
25913,-0.08725120480068788
25914,-0.0879538167533423
25915,-0.08882798859507224
25916,-0.08988388973506278
25917,-0.09113381089737022
25918,-0.09259035292951062
25919,-0.09426533462575842
25920,-0.0961691930906578
25921,-0.0983100812926167
25922,-0.10069283567126641
25923,-0.10331874028504551
25924,-0.10618594772832646
25925,-0.10928974123571383
25926,-0.11262263329434652
25927,-0.11617445446860802
25928,-0.11993225826181864
25929,-0.12388029770432202
25930,-0.1280003298353216
25931,-0.13227179927000682
25932,-0.13667183611008876
25933,-0.1411759260164525
25934,-0.14575939764510193
25935,-0.15039867365603132
25936,-0.1550715810623528
25937,-0.15975707460479355
25938,-0.16443506762735066
25939,-0.16908648727656528
25940,-0.1736933872897718
25941,-0.17823952163632578
25942,-0.18271141608281677
25943,-0.18709888972562425
25944,-0.19139470221319116
25945,-0.19559434940770876
25946,-0.19969638593469943
25947,-0.20370267953738058
25948,-0.20761854229189627
25949,-0.21145292507200564
25950,-0.2152180759655442
25951,-0.21892825296325252
25952,-0.22259814323958885
25953,-0.22624172133305434
25954,-0.22987166614938645
25955,-0.23349917285922145
25956,-0.23713403632333327
25957,-0.2407848573682762
25958,-0.24445899060166204
25959,-0.2481619741550091
25960,-0.2518967602461816
25961,-0.2556633582737048
25962,-0.2594592167330051
25963,-0.2632800762625377
25964,-0.2671206516091506
25965,-0.27097480672936863
25966,-0.2748354223304963
25967,-0.2786941399942271
25968,-0.28254106483075914
25969,-0.28636480326653124
25970,-0.29015296356964493
25971,-0.2938925274922083
25972,-0.29756984865767444
25973,-0.3011709946679312
25974,-0.30468266114491876
25975,-0.30809276696260557
25976,-0.3113905316744
25977,-0.3145668544018455
25978,-0.31761507795943367
25979,-0.3205316847192949
25980,-0.32331692430094305
25981,-0.32597534294902575
25982,-0.3285160195612289
25983,-0.3309523813998067
25984,-0.33330127159083417
25985,-0.33558107108568846
25986,-0.3378095617860137
25987,-0.3400024504092801
25988,-0.34217252014854066
25989,-0.34432902048916897
25990,-0.34647741902732665
25991,-0.3486195798804483
25992,-0.35075394049090863
25993,-0.3528753620945154
25994,-0.35497502408343007
25995,-0.35704100696643115
25996,-0.35905957384689025
25997,-0.36101674898016334
25998,-0.362900001666232
25999,-0.3646995743776577
26000,-0.36640877540615197
26001,-0.3680234360934227
26002,-0.3695413359838653
26003,-0.37096170064376505
26004,-0.3722845135747006
26005,-0.3735099722885852
26006,-0.37463837936905686
26007,-0.37567025652427993
26008,-0.37660656042060414
26009,-0.37744889936417664
26010,-0.37819952204330515
26011,-0.3788611395916778
26012,-0.3794366697963695
26013,-0.37992883491211143
26014,-0.38034006722964314
26015,-0.38067326266390555
26016,-0.3809328373365222
26017,-0.38112531099744595
26018,-0.38125967063947863
26019,-0.38134788169930456
26020,-0.3814051468521848
26021,-0.3814492453286333
26022,-0.38149895752755386
26023,-0.38157294522324925
26024,-0.3816901097564389
26025,-0.38187014347032655
26026,-0.38213280442148834
26027,-0.3824962057240968
26028,-0.3829748782489269
26029,-0.38357846431477416
26030,-0.3843116622795477
26031,-0.38517452340976455
26032,-0.3861625427271169
26033,-0.38726756112433225
26034,-0.3884794368756123
26035,-0.3897875222676871
26036,-0.3911820997814433
26037,-0.39265576134138014
26038,-0.3942039703328641
26039,-0.39582463352771574
26040,-0.39751699505158333
26041,-0.39928029537878207
26042,-0.40111243775849215
26043,-0.4030085417251372
26044,-0.4049596585426469
26045,-0.40695189635264944
26046,-0.40896575117437184
26047,-0.41097565732204255
26048,-0.41294984462075
26049,-0.41485054947578603
26050,-0.4166346343671219
26051,-0.41825474614280234
26052,-0.4196612257348663
26053,-0.4208039570179514
26054,-0.42163329069324135
26055,-0.4221010198247672
26056,-0.4221619819276359
26057,-0.4217754761368596
26058,-0.4209066281643078
26059,-0.4195275245928495
26060,-0.41761704748643785
26061,-0.415160538310652
26062,-0.4121504988294721
26063,-0.4085867521304706
26064,-0.4044756567619886
26065,-0.39982984023823454
26066,-0.39466804722466364
26067,-0.3890146322076239
26068,-0.38290006914605224
26069,-0.3763620860925901
26070,-0.36944540809905196
26071,-0.3622004792084893
26072,-0.3546822785496496
26073,-0.3469484254537174
26074,-0.3390565445944764
26075,-0.3310624782570637
26076,-0.323019464219067
26077,-0.31497706386927954
26078,-0.30697988558588407
26079,-0.29906696407508876
26080,-0.2912716272645956
26081,-0.2836210392658342
26082,-0.2761355155438974
26083,-0.2688285820303555
26084,-0.2617078647804552
26085,-0.2547757627847816
26086,-0.24802968871393793
26087,-0.24146258836326145
26088,-0.2350636812975534
26089,-0.22881912164149593
26090,-0.2227129656446954
26091,-0.21672842435394496
26092,-0.21084893931754872
26093,-0.20505907378221
26094,-0.1993450456221067
26095,-0.19369458954705
26096,-0.1880965397745616
26097,-0.18254050631987828
26098,-0.17701653625669744
26099,-0.1715149888022372
26100,-0.1660270373433318
26101,-0.1605456946029672
26102,-0.15506690914728444
26103,-0.1495902535023686
26104,-0.14411897070240742
26105,-0.1386595549351199
26106,-0.13322110366332285
26107,-0.12781455285946508
26108,-0.1224516853512132
26109,-0.11714368368989309
26110,-0.11189946507754567
26111,-0.10672427144142421
26112,-0.10161846302439154
26113,-0.0965760673134366
26114,-0.09158326636516223
26115,-0.08661773944137457
26116,-0.08164885166905966
26117,-0.07663802488742755
26118,-0.07154004049638307
26119,-0.06630615406000095
26120,-0.06088815858527552
26121,-0.05524247524405934
26122,-0.04933421248487024
26123,-0.04314073427415499
26124,-0.036653896266082175
26125,-0.02988045084292601
26126,-0.022840421269341604
26127,-0.015563756982423405
26128,-0.008086321689761422
26129,-0.000446187505858342
26130,0.007319582928220547
26131,0.01517754062326937
26132,0.023099277985879296
26133,0.031061691571872885
26134,0.03904665372140581
26135,0.04704010801824188
26136,0.055030562497555224
26137,0.06300741338004268
26138,0.07095945203063525
26139,0.07887396887070719
26140,0.08673641748124317
26141,0.0945299443134997
26142,0.10223485892113326
26143,0.10982854915712192
26144,0.1172856656741339
26145,0.1245784252737887
26146,0.131676987965066
26147,0.1385499017699534
26148,0.14516512978637963
26149,0.1514913382331754
26150,0.15749844396477974
26151,0.16315790415472708
26152,0.16844330408869657
26153,0.17333062544891864
26154,0.1777983555813566
26155,0.18182793566239674
26156,0.18540400870567286
26157,0.18851384140058114
26158,0.19114581258765118
26159,0.19328772709889042
26160,0.19492630466342753
26161,0.19604803926249958
26162,0.19664070242271597
26163,0.19669514824392353
26164,0.19620700178230344
26165,0.1951777503581068
26166,0.1936151202279751
26167,0.191532675941531
26168,0.18894905439079857
26169,0.18588765107320665
26170,0.18237691702040548
26171,0.17845064689594115
26172,0.17414752130349848
26173,0.16950985562157928
26174,0.16458207396060998
26175,0.1594090638440619
26176,0.15403463998730055
26177,0.14850068970965802
26178,0.1428469371692721
26179,0.13711099816152128
26180,0.13132880776503153
26181,0.12553507622660304
26182,0.11976303640164121
26183,0.1140434892044408
26184,0.10840387617097841
26185,0.10286806537839005
26186,0.0974568381873101
26187,0.092188395226595
26188,0.08707850411076656
26189,0.08214031647664644
26190,0.07738396298015715
26191,0.07281650588231248
26192,0.06844262348754698
26193,0.06426571778734685
26194,0.060289286913410955
26195,0.05651832162958842
26196,0.05296021126003053
26197,0.04962514471917434
26198,0.04652630533271046
26199,0.043679701656524905
26200,0.041103275804410644
26201,0.038815880659906155
26202,0.03683702288030688
26203,0.035186977893146176
26204,0.033886834284017175
26205,0.03295865916219365
26206,0.032425211412317856
26207,0.032308901910652554
26208,0.03263078934777758
26209,0.03340968396037208
26210,0.03466075856070361
26211,0.03639377040021108
26212,0.03861151686387271
26213,0.041309249111805724
26214,0.04447519707534686
26215,0.0480914803447709
26216,0.05213498369824732
26217,0.05657796452725472
26218,0.06138822043531267
26219,0.06652961677952823
26220,0.07196296203481928
26221,0.07764622893084816
26222,0.08353458593722946
26223,0.08958075943917931
26224,0.09573550090484484
26225,0.10194854736422954
26226,0.10816974434255006
26227,0.11434984287721639
26228,0.12044155739614848
26229,0.12640050093383254
26230,0.13218552271607908
26231,0.13775937444915365
26232,0.14308969490963008
26233,0.1481494180371195
26234,0.15291664059328336
26235,0.1573743982784267
26236,0.16151065450234336
26237,0.16531823870171003
26238,0.16879413245700559
26239,0.17193846917973443
26240,0.1747537952989715
26241,0.17724428413936122
26242,0.17941487840702708
26243,0.18127069971616072
26244,0.18281655414032283
26245,0.1840564195734638
26246,0.1849932639066651
26247,0.1856294718247794
26248,0.18596769847924433
26249,0.18601152270315813
26250,0.1857655556646669
26251,0.1852352731450681
26252,0.18442659128498717
26253,0.18334503486202813
26254,0.18199490225233994
26255,0.18037871041155734
26256,0.17849683790519721
26257,0.17634751671638932
26258,0.173926976570824
26259,0.1712291464545121
26260,0.1682450790264759
26261,0.16496298104398693
26262,0.16136913462871705
26263,0.15744889571812093
26264,0.1531872711472772
26265,0.14856980422653182
26266,0.14358390270677301
26267,0.13821931617164973
26268,0.13246742935541522
26269,0.12632046102151756
26270,0.11977098486320148
26271,0.11281178425650612
26272,0.10543636677303736
26273,0.09763960291859763
26274,0.08941767254584526
26275,0.0807676144933207
26276,0.07168698083155084
26277,0.06217376361819349
26278,0.05222680018373038
26279,0.041846102219812
26280,0.031032250487185553
26281,0.019785805406107082
26282,0.008108488951776183
26283,-0.003994542198097639
26284,-0.016513474833631636
26285,-0.029433617544436463
26286,-0.04273495218955198
26287,-0.05639223149389211
26288,-0.07037655782767382
26289,-0.0846571292836448
26290,-0.09920220922513681
26291,-0.11398012954219575
26292,-0.12896017754252737
26293,-0.14411225389065893
26294,-0.15940584752863599
26295,-0.17480958881059025
26296,-0.19029106687765887
26297,-0.20581638023202722
26298,-0.2213502681769267
26299,-0.236857186307647
26300,-0.2523023325196856
26301,-0.26765241951272695
26302,-0.2828765148247124
26303,-0.297945872764996
26304,-0.3128322727050583
26305,-0.32750674646599576
26306,-0.34193962531667516
26307,-0.3561000057278183
26308,-0.3699536035490145
26309,-0.383461010839952
26310,-0.3965782144009332
26311,-0.4092585213945826
26312,-0.42145433755667144
26313,-0.4331186405804389
26314,-0.44420625214735215
26315,-0.4546744488573351
26316,-0.4644830053170178
26317,-0.4735942788260459
26318,-0.481973406059488
26319,-0.48958855814855534
26320,-0.496411542028379
26321,-0.5024186718134163
26322,-0.5075915018105697
26323,-0.511917196842217
26324,-0.5153883767067404
26325,-0.5180024949819453
26326,-0.5197611292041389
26327,-0.5206693942966538
26328,-0.5207354983195415
26329,-0.5199703034048538
26330,-0.5183865875022645
26331,-0.5159980584604482
26332,-0.5128183978938773
26333,-0.5088604614484139
26334,-0.5041359876264783
26335,-0.4986559543287109
26336,-0.4924309615246715
26337,-0.48547144291670863
26338,-0.47778829467691036
26339,-0.46939376709353603
26340,-0.4603017114840833
26341,-0.45052692819500784
26342,-0.44008399033004875
26343,-0.42898604188361567
26344,-0.4172443428212653
26345,-0.40486889444711116
26346,-0.39186929262321385
26347,-0.37825492200916233
26348,-0.3640347328965158
26349,-0.34921706439091554
26350,-0.33380928644655417
26351,-0.31781699953724313
26352,-0.3012429310911746
26353,-0.28408585589199586
26354,-0.2663399845912622
26355,-0.24799507962978282
26356,-0.22903704868069835
26357,-0.20944867678836376
26358,-0.18921096199716753
26359,-0.16830566475639291
26360,-0.14671834019248947
26361,-0.12444080637410335
26362,-0.10147301718479718
26363,-0.07782451581888244
26364,-0.05351543633915545
26365,-0.02857700581544015
26366,-0.003051667021124027
26367,0.02300678856733268
26368,0.04953322636329033
26369,0.07645175373862112
26370,0.10367682264075445
26371,0.13111481884898668
26372,0.15866558571022704
26373,0.1862227001920178
26374,0.2136726622097634
26375,0.24089391689369782
26376,0.26775571199050113
26377,0.2941171369246031
26378,0.3198270886895324
26379,0.34472472156354705
26380,0.3686397473113482
26381,0.391392803672367
26382,0.41279614740950277
26383,0.43265488393715645
26384,0.45076890527850205
26385,0.46693524060032154
26386,0.48095081592021993
26387,0.4926160140730158
26388,0.5017384913679492
26389,0.5081365920130114
26390,0.5116431720398614
26391,0.5121104929708363
26392,0.5094155670884726
26393,0.5034656503175912
26394,0.4942036436388776
26395,0.4816123680422275
26396,0.4657177650877988
26397,0.4465922090662858
26398,0.4243576924812975
26399,0.39918786765063474
26400,0.3713089359175092
26401,0.340999145459438
26402,0.3085859950065422
26403,0.27444131969030716
26404,0.2389755235479093
26405,0.20263145305734845
26406,0.16587637920072387
26407,0.12918979926341104
26408,0.09304779986765702
26409,0.057908294948046
26410,0.024199970789164804
26411,-0.007686179876041199
26412,-0.037404462787409
26413,-0.06466137792642149
26414,-0.08922160707291196
26415,-0.1109131968088565
26416,-0.12963176690189443
26417,-0.14534321733161082
26418,-0.1580837039037839
26419,-0.16795422091150658
26420,-0.17510767198023885
26421,-0.17973042185695365
26422,-0.1820237639670132
26423,-0.18218944457256936
26424,-0.18041935541815418
26425,-0.1768878055139038
26426,-0.171746543216755
26427,-0.1651240031067731
26428,-0.15712893464842148
26429,-0.14785641243539183
26430,-0.1373933240147312
26431,-0.1258214049633358
26432,-0.11321749687130038
26433,-0.09965174862876164
26434,-0.08518541058324111
26435,-0.06987006051785624
26436,-0.05374847747163078
26437,-0.0368561349349594
26438,-0.019223033955764107
26439,-0.0008760014411267336
26440,0.018159235214727648
26441,0.037857249903188506
26442,0.058194028404761344
26443,0.07914955096301035
26444,0.100710179332834
26445,0.12286944950738116
26446,0.14562741301566925
26447,0.16898921851891116
26448,0.19296282018662148
26449,0.2175554398757336
26450,0.24276918539171705
26451,0.26859657345151267
26452,0.2950166046377452
26453,0.32199207744909686
26454,0.3494684024684348
26455,0.37737374025696563
26456,0.40562027411853535
26457,0.43410605630478116
26458,0.46271656750648393
26459,0.49132563282405683
26460,0.5197960122256156
26461,0.547980160136713
26462,0.575721534587771
26463,0.6028569926746411
26464,0.629220913855414
26465,0.6546509925182903
26466,0.6789943152756992
26467,0.7021115455051887
26468,0.7238780773759995
26469,0.7441830117002771
26470,0.7629275758494201
26471,0.7800243000586031
26472,0.7953979502272116
26473,0.8089884994895153
26474,0.8207550999628911
26475,0.8306792122097915
26476,0.8387655720638694
26477,0.8450410061431123
26478,0.8495520076290357
26479,0.8523619860068656
26480,0.8535486033932874
26481,0.8532007346611152
26482,0.8514142439472914
26483,0.8482871730277639
