Time (Seconds),Amplitude (Volts) [Filtered 0.3-30.0Hz]
5.248,0.0021871725525764033
5.25,-0.0004852386099223347
5.252,-0.0033794578629809478
5.254,-0.006685144019607689
5.256,-0.010486538668443663
5.258,-0.014743112446374622
5.26,-0.01931703844038092
5.262,-0.02400214860970003
5.264,-0.02855086652540107
5.266,-0.03272208850750437
5.268,-0.03633611544972709
5.27,-0.03930829451526935
5.272,-0.04165446400976277
5.274,-0.04347275832340012
5.276,-0.04490779599574267
5.278,-0.04609812314879859
5.28,-0.04713383470468137
5.282,-0.048068589151033056
5.284,-0.048960398900985726
5.286,-0.04989142969082916
5.288,-0.050986405937492936
5.29,-0.05242515407019593
5.292,-0.054391213695341833
5.294,-0.05697936398862956
5.296,-0.06015084998013383
5.298,-0.0637499206040917
5.3,-0.06752749309044079
5.302,-0.07117139115055723
5.304,-0.07437613643868478
5.306,-0.07691931349710328
5.308,-0.07869103262844049
5.31,-0.07967552999396793
5.312,-0.07990935599424907
5.314,-0.07943363343869236
5.316,-0.0782623275248019
5.318,-0.07639041910692673
5.32,-0.07382298283126401
5.322,-0.07057657326709903
5.324,-0.06665968487767462
5.326,-0.06208216723579587
5.328,-0.056895987829608655
5.33,-0.05122932500187242
5.332,-0.045304875722954226
5.334,-0.039442197316720225
5.336,-0.03400736317756156
5.338,-0.029306745468134852
5.34,-0.025499987053998457
5.342,-0.022589548292156782
5.344,-0.020468925060595115
5.346,-0.018985496481140673
5.348,-0.01799202119758208
5.35,-0.017379041569666263
5.352,-0.01708482564106501
5.354,-0.017083451172112747
5.356,-0.01734537569876947
5.358,-0.017784592764697463
5.36,-0.018253745023917075
5.362,-0.01859069002856639
5.364,-0.018650071974077823
5.366,-0.01831246007186259
5.368,-0.01749662277893893
5.37,-0.016162761160264758
5.372,-0.01429326573877372
5.374,-0.011865684470602371
5.376,-0.008839779862988988
5.378,-0.005165184089532997
5.38,-0.0007980278290305506
5.382,0.004287732879367644
5.384,0.010089404068709347
5.386,0.016566161506833148
5.388,0.02364077936372113
5.39,0.03119866475431847
5.392,0.03909643223689598
5.394,0.047204344855324765
5.396,0.05544080020857868
5.398,0.0637577244293983
5.4,0.07209943711687058
5.402,0.0803704461562408
5.404,0.0884242565250436
5.406,0.09606173818537485
5.408,0.10303767046336286
5.41,0.10910884808296249
5.412,0.11412024053759093
5.414,0.11804653568639852
5.416,0.12095021159781735
5.418,0.12292852381184727
5.42,0.12409325027645772
5.422,0.12454144705792136
5.424,0.12432396994802672
5.426,0.12347147344722724
5.428,0.12205785581829404
5.43,0.12023269753354913
5.432,0.11821253205932578
5.434,0.11625206229287616
5.436,0.11459472152116354
5.438,0.11340967437611044
5.44,0.11276017593903864
5.442,0.112627500848353
5.444,0.11294388124346505
5.446,0.11359296480114148
5.448,0.1144060998779662
5.45,0.11519278741794987
5.452,0.11579299882561989
5.454,0.11611347091281038
5.456,0.11613791480671448
5.458,0.11591809198285284
5.46,0.1155299426125236
5.462,0.11500673207264912
5.464,0.11430803916904302
5.466,0.1133434054256926
5.468,0.11201955957441724
5.47,0.11027826754066007
5.472,0.10810689034337365
5.474,0.10553227089058216
5.476,0.10261333846045052
5.478,0.09942135342150986
5.48,0.09600356782849007
5.482,0.0923628422701811
5.484,0.0884707499169619
5.486,0.08427735850668715
5.488,0.0796890869663357
5.49,0.074555260795099
5.492,0.06871977372972313
5.494,0.06211545574504741
5.496,0.05481511637769064
5.498,0.0469986800202981
5.5,0.03888076941867201
5.502,0.030651986695730615
5.504,0.022453225463128987
5.506,0.014400222420796117
5.508,0.006639642966121306
5.51,-0.0006310666818344808
5.512,-0.007193379669584405
5.514,-0.012852893753646136
5.516,-0.017501675025394892
5.518,-0.021181279150404794
5.52,-0.024086875748803947
5.522,-0.02650175152790929
5.524,-0.028712098194303544
5.526,-0.030936105808945832
5.528,-0.03328292876143026
5.53,-0.035765306942505404
5.532,-0.03835256504648509
5.534,-0.04101381672093287
5.536,-0.04373878103601519
5.538,-0.04655279557773817
5.54,-0.04950991746042948
5.542,-0.05264240778360309
5.544,-0.05590639696483304
5.546,-0.05919410150850847
5.548,-0.062398045729806256
5.55,-0.0654430515762197
5.552,-0.06827660453845565
5.554,-0.07086083082067753
5.556,-0.07316373039612777
5.558,-0.07514827786122055
5.56,-0.07677169950039266
5.562,-0.07798775535054221
5.564,-0.07876622335610843
5.566,-0.07913689751789513
5.568,-0.07919724901765138
5.57,-0.07904668905357785
5.572,-0.07872543053000472
5.574,-0.07822205133095714
5.576,-0.07749578245072965
5.578,-0.07648604377963227
5.58,-0.07514686487425654
5.582,-0.0734763872412795
5.584,-0.07150432624304018
5.586,-0.06927521668651301
5.588,-0.06685299790286858
5.59,-0.06431881437666086
5.592,-0.06173090694302537
5.594,-0.05907648827421978
5.596,-0.05628534670004489
5.598,-0.0533050131297503
5.6,-0.05016442817419293
5.602,-0.04698711478697116
5.604,-0.04396892905759077
5.606,-0.04133660884021749
5.608,-0.03931052804475581
5.61,-0.0380883144097328
5.612,-0.037808152859697325
5.614,-0.03847811016155347
5.616,-0.03994726751786166
5.618,-0.041945893434384846
5.62,-0.04414508949878188
5.622,-0.04621872467161186
5.624,-0.047902289128864906
5.626,-0.04902470681333985
5.628,-0.04951442573881578
5.63,-0.04938274771043557
5.632,-0.048664399413914136
5.634,-0.047339447441193144
5.636,-0.045297858558577674
5.638,-0.0423602025975747
5.64,-0.038333434824140575
5.642,-0.0330819647418871
5.644,-0.026589240317721516
5.646,-0.018988027482485292
5.648,-0.010538567101125482
5.65,-0.0015562265340617683
5.652,0.007666211217942324
5.654,0.016912547442645334
5.656,0.026071238740736063
5.658,0.035117680745645266
5.66,0.044063275766218976
5.662,0.05292646852361334
5.664,0.06172096706241459
5.666,0.07040750421818588
5.668,0.07884742362496877
5.67,0.0868494169319995
5.672,0.09426888801170864
5.674,0.10105053497246443
5.676,0.10720492616499841
5.678,0.1127721438145231
5.68,0.11781065417309307
5.682,0.12240324922989311
5.684,0.12661968247951944
5.686,0.13042572250530343
5.688,0.13364828129756479
5.69,0.13608202011873308
5.692,0.13763735289493711
5.694,0.13837547208281967
5.696,0.13843938663935867
5.698,0.13797145121574175
5.7,0.13704920242288104
5.702,0.13567479893926188
5.704,0.1338335719512158
5.706,0.1315382289091881
5.708,0.1288096517912594
5.71,0.12567410469921494
5.712,0.12222616915544304
5.714,0.1186694230905017
5.716,0.11526359450485713
5.718,0.11223503243319681
5.72,0.10972494711078211
5.722,0.10777769866568217
5.724,0.10634055805659913
5.726,0.10526756940209221
5.728,0.10434355849021468
5.73,0.10335384132685999
5.732,0.10218577383583023
5.734,0.1008778142054038
5.736,0.09955976465602853
5.738,0.09833489471676402
5.74,0.09719527043240428
5.742,0.09602090599376702
5.744,0.09464725127829865
5.746,0.09293514162087796
5.748,0.09079449018962246
5.75,0.08818505569346073
5.752,0.08513703170979028
5.754,0.08176981348160714
5.756,0.07825937616960219
5.758,0.07476718311222569
5.76,0.07138936176341634
5.762,0.0681476883541499
5.764,0.06499133710465266
5.766,0.061787624468436504
5.768,0.058322765874657255
5.77,0.05433871643612817
5.772,0.049603798263850564
5.774,0.04398343917120851
5.776,0.03746741329545035
5.778,0.030155467406712492
5.78,0.022243950132902396
5.782,0.01400849768607829
5.784,0.005737507295490371
5.786,-0.002351184211285877
5.788,-0.010120775850078145
5.79,-0.017466161921092828
5.792,-0.02429875695736433
5.794,-0.030560763230265152
5.796,-0.03620530318211525
5.798,-0.04118754963399456
5.8,-0.04551785436235666
5.802,-0.04928777659778601
5.804,-0.052608039327690044
5.806,-0.05555401248925371
5.808,-0.05818624930071593
5.81,-0.060577396495311284
5.812,-0.06279767178433537
5.814,-0.06489107387150236
5.816,-0.06685526713842652
5.818,-0.06862414915211613
5.82,-0.07007284549117543
5.822,-0.07106498026040081
5.824,-0.07154045832332911
5.826,-0.07159167783190894
5.828,-0.07145802016807228
5.83,-0.07142701298772168
5.832,-0.07171801504506636
5.834,-0.07243902347868642
5.836,-0.07361178890617619
5.838,-0.07519812027725249
5.84,-0.07710814348913933
5.842,-0.07922394275409751
5.844,-0.08144066152614789
5.846,-0.08368566862339577
5.848,-0.08590717458329405
5.85,-0.08804042837828932
5.852,-0.08996728375277832
5.854,-0.09152225365199128
5.856,-0.09255007170129832
5.858,-0.09294579297859923
5.86,-0.09265656402220618
5.862,-0.09168809438660008
5.864,-0.09011241567003908
5.866,-0.08802385807368907
5.868,-0.08546795636749349
5.87,-0.08243521330448633
5.872,-0.0789128386802107
5.874,-0.07491949582549462
5.876,-0.07052171907801395
5.878,-0.06584556164382654
5.88,-0.0610527024454019
5.882,-0.056293447624107124
5.884,-0.05170007469578961
5.886,-0.04741652704349702
5.888,-0.043579442916105784
5.89,-0.04023808137615163
5.892,-0.03731959992725891
5.894,-0.03469269196902986
5.896,-0.032246525964456645
5.898,-0.029914566611073046
5.9,-0.02766561539196859
5.902,-0.02547859970963669
5.904,-0.023310498001935246
5.906,-0.021103443305795406
5.908,-0.01881965516062052
5.91,-0.016444890026049725
5.912,-0.013956529130990507
5.914,-0.011276520471559328
5.916,-0.008231055475246263
5.918,-0.004567861564562365
5.92,-4.522587890999977e-05
5.922,0.005478712952529188
5.924,0.012016393208612718
5.926,0.019452255326956082
5.928,0.02754753358997059
5.93,0.03598012916449707
5.932,0.04442858485013612
5.934,0.05265024377971306
5.936,0.06049915978740527
5.938,0.06789091104973055
5.94,0.07476586955695064
5.942,0.0810663810589791
5.944,0.08673026504673946
5.946,0.09171193270522099
5.948,0.09599237540629425
5.95,0.09954684231740848
5.952,0.10233333440902755
5.954,0.10434791378637127
5.956,0.10567309028408463
5.958,0.106450521986666
5.96,0.10681312112750205
5.962,0.10683761998111829
5.964,0.10654759900832157
5.966,0.10596202890641489
5.968,0.10513440996474112
5.97,0.10413994659997065
5.972,0.10304224038930596
5.974,0.10187295769193264
5.976,0.10062412921700903
5.978,0.0992671776558636
5.98,0.09778892726840209
5.982,0.09619093786400201
5.984,0.09445620019614494
5.986,0.09255155584094574
5.988,0.09047930414151709
5.99,0.08831979864069175
5.992,0.08621085216401647
5.994,0.08427538304587365
5.996,0.08257771727981333
5.998,0.0811493421879475
6,0.0800356203010264
6.002,0.07930382129403073
6.004,0.07899137620261296
6.006,0.07904204622829872
6.008,0.07930773114368919
6.01,0.07960679928208045
6.012,0.07976793540212246
6.014,0.07965372968935014
6.016,0.07918862196570567
6.018,0.07834238894427502
6.02,0.07705593758257616
6.022,0.07521393593909481
6.024,0.07268324910550644
6.026,0.06932223071024787
6.028,0.06498577084575916
6.03,0.05960219286455258
6.032,0.05324896891647207
6.034,0.04613688073334813
6.036,0.0385470340925493
6.038,0.030781969608156556
6.04,0.023116329693519476
6.042,0.015745894955706757
6.044,0.008766136163276598
6.046,0.0021778976017922877
6.048,-0.004087038767910271
6.05,-0.01011675551194336
6.052,-0.01596977807978993
6.054,-0.021658253410099977
6.056,-0.02715842182521396
6.058,-0.03241497588224694
6.06,-0.03734410473373694
6.062,-0.04186135731911004
6.064,-0.04591303219971683
6.066,-0.04948683535596682
6.068,-0.05261713597515244
6.07,-0.05537830432134427
6.072,-0.057842360616728594
6.074,-0.0600376840289268
6.076,-0.06195704660652725
6.078,-0.06358336290331186
6.08,-0.0648963499145644
6.082,-0.0658966726853457
6.084,-0.06666493566196889
6.086,-0.06740194673437873
6.088,-0.0684005746841694
6.09,-0.06993930261755879
6.092,-0.07215064324126928
6.094,-0.07496588398754882
6.096,-0.07816754967588573
6.098,-0.08148603818726828
6.1,-0.08467899633039272
6.102,-0.08757050597885367
6.104,-0.09005500837417532
6.106,-0.09209495433598106
6.108,-0.09372041829247447
6.11,-0.09500304619616061
6.112,-0.09599891996182042
6.114,-0.09668631059079776
6.116,-0.09693888919348768
6.118,-0.09657619137360582
6.12,-0.0954540509709314
6.122,-0.0934984621571864
6.124,-0.09068818435947985
6.126,-0.08706492363892662
6.128,-0.08275068744046726
6.13,-0.07791585306420926
6.132,-0.07274212690295967
6.134,-0.06741239371333346
6.136,-0.06207652384656389
6.138,-0.05681084768016977
6.14,-0.051636970487450584
6.142,-0.046566337610215905
6.144,-0.041634947793749585
6.146,-0.03695227947926726
6.148,-0.032724080987644004
6.15,-0.029203839266481627
6.152,-0.026623810408974095
6.154,-0.025146870945998732
6.156,-0.024819157235810085
6.158,-0.025519474618503173
6.16,-0.026955250275041497
6.162,-0.028745978952572006
6.164,-0.030540102446613926
6.166,-0.03206950275517801
6.168,-0.033138489272994946
6.17,-0.03362035076309659
6.172,-0.03347928507842979
6.174,-0.032769816722844014
6.176,-0.03158541350304609
6.178,-0.029975222358130632
6.18,-0.027886399817809857
6.182,-0.02518415937278257
6.184,-0.02172857391636182
6.186,-0.01744617089544865
6.188,-0.012375055440194679
6.19,-0.0066747315418031646
6.192,-0.0005706654503260626
6.194,0.005747260277921132
6.196,0.012201865637363904
6.198,0.018844739669507733
6.2,0.025808599861790217
6.202,0.033211523535099485
6.204,0.04107911573989747
6.206,0.049329391244739666
6.208,0.057783547721667175
6.21,0.06618888105198811
6.212,0.0742809165633013
6.214,0.08184860159974972
6.216,0.08874132855945999
6.218,0.09483950567269683
6.22,0.10004858392196628
6.222,0.10431760328442105
6.224,0.10764796814975681
6.226,0.11007622488536227
6.228,0.11164507745642283
6.23,0.11239744036874633
6.232,0.11240027309907083
6.234,0.11176269922222339
6.236,0.11061481272880809
6.238,0.10906763448587073
6.24,0.10722822112374852
6.242,0.10527181543098542
6.244,0.10345265819283148
6.246,0.10200587738016044
6.248,0.10104793865456597
6.25,0.10054909770867054
6.252,0.10034940621825753
6.254,0.10021674198881024
6.256,0.09994814672958963
6.258,0.09944449132107498
6.26,0.09871337781540357
6.262,0.09781853393107617
6.264,0.09680015512615675
6.266,0.09560625842184357
6.268,0.09408084445685994
6.27,0.09202389408658282
6.272,0.08929639007611467
6.274,0.08589612301008298
6.276,0.08195307055817819
6.278,0.07767850552501865
6.28,0.07331820474315393
6.282,0.06910850674116756
6.284,0.0652257023763379
6.286,0.06175963311846522
6.288,0.05871981952252299
6.29,0.056044215588915744
6.292,0.05362737935144225
6.294,0.051371378403294816
6.296,0.049201877422922626
6.298,0.047046339108730836
6.3,0.04481169429466072
6.302,0.04236999226995446
6.304,0.03956981176139729
6.306,0.03628483015458298
6.308,0.032456124838571195
6.31,0.02808687601378183
6.312,0.023218733847272032
6.314,0.017926495123224633
6.316,0.012325524980409591
6.318,0.006575460022026927
6.32,0.0008498084274262963
6.322,-0.0047302692626677925
6.324,-0.01013323262853489
6.326,-0.015385593127575536
6.328,-0.020511696440839035
6.33,-0.025502280859947025
6.332,-0.0303293574301592
6.334,-0.03497457927093069
6.336,-0.03942339878839701
6.338,-0.04363591926025024
6.34,-0.047543853957318916
6.342,-0.051068187243052926
6.344,-0.05413567457761377
6.346,-0.05670826248418793
6.348,-0.05880765556623396
6.35,-0.06050095848739771
6.352,-0.06187140283313483
6.354,-0.06300688013358158
6.356,-0.06399641948047523
6.358,-0.06492640657779862
6.36,-0.06586915727023816
6.362,-0.0668420166306556
6.364,-0.06776644281062774
6.366,-0.06848563354917278
6.368,-0.0688365818321572
6.37,-0.06872577070120071
6.372,-0.06815319150373843
6.374,-0.06716782818044147
6.376,-0.06582485138708206
6.378,-0.06421165530734926
6.38,-0.06249463611718954
6.382,-0.06090567770483426
6.384,-0.05966747545866965
6.386,-0.058912433418293615
6.388,-0.05864723552503855
6.39,-0.05877182231209707
6.392,-0.059126651123186706
6.394,-0.05955427810423959
6.396,-0.059942025935981275
6.398,-0.06020670364080322
6.4,-0.06025920095462125
6.402,-0.06000111768926107
6.404,-0.059340257516099545
6.406,-0.058199175499388016
6.408,-0.05652018741907395
6.41,-0.05427084070538008
6.412,-0.0514498880621932
6.414,-0.04811103357172729
6.416,-0.04439219659692817
6.418,-0.04050008282168284
6.42,-0.03665627565255289
6.422,-0.03306728213471008
6.424,-0.029931003685287262
6.426,-0.027431063648545615
6.428,-0.025701696456267024
6.43,-0.024790512705546264
6.432,-0.024634962752266377
6.434,-0.025068402115941215
6.436,-0.02586904463321434
6.438,-0.026823088749538766
6.44,-0.027756239248841495
6.442,-0.028508233309310276
6.444,-0.02888877213665311
6.446,-0.028699209533066657
6.448,-0.027803055353460282
6.45,-0.026140460065659035
6.452,-0.023673144648488142
6.454,-0.020327435808439296
6.456,-0.015983447198940025
6.458,-0.010533166086835693
6.46,-0.003964480187007862
6.462,0.00362321661233167
6.464,0.01206056543712354
6.466,0.021107640127141586
6.468,0.030421751943092698
6.47,0.03960199463984636
6.472,0.0483268080239578
6.474,0.056466482178911155
6.476,0.06406446612789618
6.478,0.07121860380520344
6.48,0.07797689850093996
6.482,0.08431304294758864
6.484,0.09017027010900391
6.486,0.09552533427422608
6.488,0.10041888412397158
6.49,0.10493718240168255
6.492,0.1091751239378514
6.494,0.11320569792849555
6.496,0.11705340760073263
6.498,0.12065910178381309
6.5,0.12384525861857476
6.502,0.12633672328895873
6.504,0.12787024670176345
6.506,0.1283116864364715
6.508,0.12766595700382133
6.51,0.12599106720376196
6.512,0.12333048083779333
6.514,0.11972320992765326
6.516,0.11524925122794641
6.518,0.11004808553503254
6.52,0.10429474718915785
6.522,0.09816859699846921
6.524,0.0918658218995323
6.526,0.08564973005459436
6.528,0.07985219951751138
6.53,0.07478352912700259
6.532,0.0706272372532788
6.534,0.06740141694189716
6.536,0.06499564423904253
6.538,0.06325074527523089
6.54,0.06202706145614542
6.542,0.06121804869751914
6.544,0.06072561416104092
6.546,0.06045675432534045
6.548,0.060358575777845175
6.55,0.06044061884221849
6.552,0.06074218773191213
6.554,0.061265894355189615
6.556,0.061941153753556785
6.558,0.06264405162254766
6.56,0.0632389946925499
6.562,0.06361560064311403
6.564,0.06370148814687232
6.566,0.0634333778447185
6.568,0.06272080091139023
6.57,0.061439985505576264
6.572,0.05945275678440396
6.574,0.05663846545860318
6.576,0.05292098972944213
6.578,0.04827466583381909
6.58,0.042715402450759804
6.582,0.036292050043476055
6.584,0.029089532821935663
6.586,0.021244580312394915
6.588,0.012959762728786066
6.59,0.004494035354987769
6.592,-0.0038766795603758716
6.594,-0.011909912231465869
6.596,-0.019437813061037618
6.598,-0.026393108932952165
6.6,-0.0328053053718
6.602,-0.03875102124167677
6.604,-0.044288924309774866
6.606,-0.04942739938001484
6.608,-0.054122182700856614
6.61,-0.05827543078648302
6.612,-0.06174214943722779
6.614,-0.06437092684092936
6.616,-0.066068322721463
6.618,-0.066835927027806
6.62,-0.06675842782955552
6.622,-0.06597249782297028
6.624,-0.06465139857319749
6.626,-0.06301717846626723
6.628,-0.061352109568111976
6.63,-0.0599606094651253
6.632,-0.0590788148666505
6.634,-0.058796803748233865
6.636,-0.05906779300775394
6.638,-0.059791685444508386
6.64,-0.060886973673086695
6.642,-0.062316392999835823
6.644,-0.0640778036770412
6.646,-0.06616057827543056
6.648,-0.06850435628200047
6.65,-0.07099131595436356
6.652,-0.0734438695687062
6.654,-0.0756268716132981
6.656,-0.07728130073991674
6.658,-0.07817528221014113
6.66,-0.07814871265202902
6.662,-0.07715068649593543
6.664,-0.07526047973667761
6.666,-0.07267316297472134
6.668,-0.06965723192574579
6.67,-0.06649787951642933
6.672,-0.06342323516723478
6.674,-0.06053317167819128
6.676,-0.05777499509371854
6.678,-0.05498170648408302
6.68,-0.05194406381531092
6.682,-0.048495095409645986
6.684,-0.04459848824185693
6.686,-0.04038374367057871
6.688,-0.03608860454597894
6.69,-0.031979705765255446
6.692,-0.02831240327260866
6.694,-0.025290338798257282
6.696,-0.02300265398286123
6.698,-0.021394182853561948
6.7,-0.020308839739417692
6.702,-0.01957614660896322
6.704,-0.019082556717223073
6.706,-0.018782503416361847
6.708,-0.01865214095765049
6.71,-0.018642148482597695
6.712,-0.01865589002712481
6.714,-0.018539036334924215
6.716,-0.01810240579795233
6.718,-0.017177456192692318
6.72,-0.015644535345997194
6.722,-0.013421622757766951
6.724,-0.0104612767848991
6.726,-0.006766063952572256
6.728,-0.0023745348719945835
6.73,0.0026916878919994273
6.732,0.008460974644500163
6.734,0.014989320962015672
6.736,0.022307802351175868
6.738,0.030385697036964806
6.74,0.03910839633986757
6.742,0.048242261289746374
6.744,0.05742940554393658
6.746,0.0662696477054365
6.748,0.0744375511608356
6.75,0.08173662276177106
6.752,0.0880809688597381
6.754,0.09345421477295085
6.756,0.09786249428908113
6.758,0.10128885367029598
6.76,0.10368725723281355
6.762,0.10503208661257127
6.764,0.10536961638301341
6.766,0.10481249083801474
6.768,0.10350391318939685
6.77,0.10161581354294727
6.772,0.09936349784835916
6.774,0.09696894484303153
6.776,0.09458837950749954
6.778,0.09229326957729482
6.78,0.09011377537540645
6.782,0.08806211580718282
6.784,0.08612024909270796
6.786,0.08423149089201863
6.788,0.08229239334228086
6.79,0.08017581781374476
6.792,0.07782535878291741
6.794,0.07534243328356215
6.796,0.07296828035600247
6.798,0.07097747176451809
6.8,0.06956680147066867
6.802,0.06880402405570082
6.804,0.06864202858376563
6.806,0.0689557090311492
6.808,0.06957120638943408
6.81,0.07029774345402963
6.812,0.07096466124143769
6.814,0.071436666318381
6.816,0.0716029969055432
6.818,0.07136869579690885
6.82,0.07066102903444232
6.822,0.069445360344249
6.824,0.06772978113829337
6.826,0.06554576200217184
6.828,0.06293900589646215
6.83,0.05997502060387737
6.832,0.05671161832188971
6.834,0.0531602094950567
6.836,0.049290667842413594
6.838,0.04506275208448801
6.84,0.04046060075930404
6.842,0.03551741402075054
6.844,0.030296841746757834
6.846,0.024853460234056896
6.848,0.01922805291002539
6.85,0.013471023116427748
6.852,0.00767206529510148
6.854,0.001987290209314898
6.856,-0.0033722777557735825
6.858,-0.008197161464297206
6.86,-0.012336003771914624
6.862,-0.015736606875574315
6.864,-0.01848471971113388
6.866,-0.020816377045327152
6.868,-0.02305465924326204
6.87,-0.025487128373855174
6.872,-0.02827245644956289
6.874,-0.031429938072944925
6.876,-0.034887322001222104
6.878,-0.03853068164170285
6.88,-0.04222066571839149
6.882,-0.04579932020746122
6.884,-0.049133638421250125
6.886,-0.052177057129099993
6.888,-0.05498359355740572
6.89,-0.05766156277672682
6.892,-0.060319553086323835
6.894,-0.06302378134413177
6.896,-0.06573898881428525
6.898,-0.0682936085162324
6.9,-0.07043520738158594
6.902,-0.07194351795311447
6.904,-0.07273610900417991
6.906,-0.07292918928207609
6.908,-0.07281123645655403
6.91,-0.07272959743583456
6.912,-0.07296368096206558
6.914,-0.07364130139737489
6.916,-0.07470614637386415
6.918,-0.07596561090404429
6.92,-0.07721499664928065
6.922,-0.07833498082511352
6.924,-0.07929647273684351
6.926,-0.0801167597738432
6.928,-0.08082022649611668
6.93,-0.08141728429285787
6.932,-0.08188652509095869
6.934,-0.08215098331529515
6.936,-0.08209045536605546
6.938,-0.08161317048291233
6.94,-0.08071315095528642
6.942,-0.07945658110885219
6.944,-0.07793866009820737
6.946,-0.07625204295371628
6.948,-0.07447065763962636
6.95,-0.07264121710200847
6.952,-0.070766442004646
6.954,-0.0687953905853579
6.956,-0.06666359268216053
6.958,-0.06437064724118499
6.96,-0.06202227392297194
6.962,-0.0597998244120368
6.964,-0.05788733015892614
6.966,-0.05641495346045277
6.968,-0.05545588543733106
6.97,-0.0550354643820832
6.972,-0.055100766400397495
6.974,-0.055491982639444284
6.976,-0.05597370282173997
6.978,-0.056307555689793065
6.98,-0.05631888368913002
6.982,-0.05592051626827363
6.984,-0.0550769753008963
6.986,-0.05375530439276602
6.988,-0.05192165793698088
6.99,-0.04956307453636996
6.992,-0.04669071615549636
6.994,-0.04333334637776006
6.996,-0.03954138872205597
6.998,-0.03540154256873168
7,-0.031044203299867332
7.002,-0.0266238488395102
7.004,-0.022282166263050344
7.006,-0.01810807116398256
7.008,-0.014103443732545051
7.01,-0.010181301028043283
7.012,-0.006194517008685403
7.014,-0.001967166921724963
7.016,0.0026723537716386893
7.018,0.00784816728255505
7.02,0.013588633566383308
7.022,0.01980544385920139
7.024,0.026334507265400764
7.026,0.03300866104833694
7.028,0.03969589105836501
7.03,0.04627515524233306
7.032,0.052585869923110186
7.034,0.058416757364622936
7.036,0.0635523207170802
7.038,0.06783456084749956
7.04,0.07119593129244689
7.042,0.07364909486150885
7.044,0.07524838140851763
7.046,0.07605065707610802
7.048,0.07609036669609556
7.05,0.07537529916339336
7.052,0.07390181673377941
7.054,0.07167912467321308
7.056,0.06876059881307439
7.058,0.06527104513346933
7.06,0.061407283024293983
7.062,0.05740136315631276
7.064,0.05345490801638214
7.066,0.04968809632591205
7.068,0.046140307110899004
7.07,0.04280744228949397
7.072,0.03969574084976772
7.074,0.03686667208719287
7.076,0.03442842485735652
7.078,0.03248102297453613
7.08,0.031064065689875953
7.082,0.030130531957704546
7.084,0.02955231600375226
7.086,0.029155855855470647
7.088,0.028769427439609002
7.09,0.02826399738932519
7.092,0.027589012695423677
7.094,0.026800794957398344
7.096,0.02605321019886836
7.098,0.025542936020639596
7.1,0.025456141599127197
7.102,0.025938072139343113
7.104,0.02704882783194208
7.106,0.028698286238865372
7.108,0.03061573542677616
7.11,0.032392239389347086
7.112,0.033571537415391026
7.114,0.03375917228940642
7.116,0.0327283578753914
7.118,0.030460008720331763
7.12,0.027074546181835496
7.122,0.022723565411543876
7.124,0.01753147365560518
7.126,0.01159100304635976
7.128,0.00497318088020484
7.13,-0.002258220364379747
7.132,-0.010007709264597136
7.134,-0.018094219477748592
7.136,-0.026231942841174
7.138,-0.034061320229138034
7.14,-0.04121378795639779
7.142,-0.04741196241399527
7.144,-0.052567934123189414
7.146,-0.05679771233684468
7.148,-0.060347321104827045
7.15,-0.06349263582569052
7.152,-0.06644567877312119
7.154,-0.06930627387579873
7.156,-0.07209540514231041
7.158,-0.07481488939349443
7.16,-0.07745785834337297
7.162,-0.07998947525737368
7.164,-0.08235784507858548
7.166,-0.0845306408306405
7.168,-0.08650592309749087
7.17,-0.08828740540890737
7.172,-0.08985654712324936
7.174,-0.09116543826551098
7.176,-0.09216265987568752
7.178,-0.09283827389713266
7.18,-0.09323418868965895
7.182,-0.09340114387690773
7.184,-0.09336562709311601
7.186,-0.09315111310830936
7.188,-0.09280889793965477
7.19,-0.09241663275485103
7.192,-0.09206295859384915
7.194,-0.091821502320358
7.196,-0.09171075786612336
7.198,-0.09169328683216878
7.2,-0.09173559234279556
7.202,-0.09184954240039252
7.204,-0.0920612813580092
7.206,-0.09236572477410783
7.208,-0.0927292660214106
7.21,-0.09312091740392557
7.212,-0.09350984624710353
7.214,-0.093806378473245
7.216,-0.09381402005235881
7.218,-0.09326106724395455
7.22,-0.09187958812795176
7.222,-0.08947172510260752
7.224,-0.08596248811026841
7.226,-0.08145328704747534
7.228,-0.07623406871423022
7.23,-0.07071254720994805
7.232,-0.06531631815886216
7.234,-0.06043546728141676
7.236,-0.05638098321825746
7.238,-0.053333751239964956
7.24,-0.05132936204354749
7.242,-0.050312888710709845
7.244,-0.05022319804451513
7.246,-0.05103536565430069
7.248,-0.052737539985293125
7.25,-0.055270902096619924
7.252,-0.05846523893570011
7.254,-0.06201348634777061
7.256,-0.06552585682203318
7.258,-0.06862758511970835
7.26,-0.07102751660204348
7.262,-0.07253816954770963
7.264,-0.07305788014933279
7.266,-0.07253708175413762
7.268,-0.07096953356130843
7.27,-0.06840400729410105
7.272,-0.06492333344726661
7.274,-0.060593907925621124
7.276,-0.05544408267657591
7.278,-0.04949027239631647
7.28,-0.04278243131739223
7.282,-0.035427750815879275
7.284,-0.027571974951693484
7.286,-0.01937028128971003
7.288,-0.010985947844772673
7.29,-0.002604486423176084
7.292,0.0055741281739783675
7.294,0.013373372890622959
7.296,0.020678702642541055
7.298,0.02745543960379005
7.3,0.033738880615631524
7.302,0.03958599961926633
7.304,0.04501197424983834
7.306,0.04995920686273029
7.308,0.054314685234132326
7.31,0.05794796938702648
7.312,0.06073495406393374
7.314,0.06257030593100314
7.316,0.06338844006152108
7.318,0.06318857801045641
7.32,0.06204895170117013
7.322,0.06011908468086783
7.324,0.05758095763362856
7.326,0.05459689249258982
7.328,0.05128659909499013
7.33,0.047741935941802635
7.332,0.044047066101793694
7.334,0.040285742506558156
7.336,0.03655060202995425
7.338,0.032971203498551066
7.34,0.029735720646573656
7.342,0.0270579994979478
7.344,0.02510255039830508
7.346,0.02393949586343284
7.348,0.02355942310616515
7.35,0.023902420030185816
7.352,0.024856337650170948
7.354,0.02624327333646127
7.356,0.027844169876656583
7.358,0.029459116099277913
7.36,0.030946702391313488
7.362,0.03221517148233178
7.364,0.033187798418833514
7.366,0.033777072248770454
7.368,0.03388698059841411
7.37,0.033433862872927225
7.372,0.03236552574453169
7.374,0.030667696808369168
7.376,0.028363994753839723
7.378,0.02551952090259536
7.38,0.02224043535742616
7.382,0.018658178515090926
7.384,0.014902696194029383
7.386,0.011080799133259149
7.388,0.007262163289148924
7.39,0.00346225291418162
7.392,-0.0003614372140516107
7.394,-0.004276687410283506
7.396,-0.008335879305186356
7.398,-0.012574848606445772
7.4,-0.017035392238623565
7.402,-0.021757930914970615
7.404,-0.026750694210600306
7.406,-0.03197748639618632
7.408,-0.03736092803681831
7.41,-0.04278828415457436
7.412,-0.0481351403844989
7.414,-0.05329923582109757
7.416,-0.058208020458480204
7.418,-0.06278811302837571
7.42,-0.06692910610588507
7.422,-0.0704930655623009
7.424,-0.07337432244591484
7.426,-0.07555147908138071
7.428,-0.077091604087338
7.43,-0.07811888694890144
7.432,-0.07877006625187731
7.434,-0.07914922501979516
7.436,-0.07929931328115908
7.438,-0.07921588183112926
7.44,-0.07890110086578772
7.442,-0.07842534620247538
7.444,-0.0779713161030216
7.446,-0.0778249279395325
7.448,-0.07827601636504077
7.45,-0.07947847662081467
7.452,-0.08139043300739737
7.454,-0.08383903154910606
7.456,-0.08661591904513607
7.458,-0.08950809437102292
7.46,-0.09229314194917296
7.462,-0.0947554553557475
7.464,-0.0967018191685568
7.466,-0.09796356804110683
7.468,-0.09842554875614719
7.47,-0.0980702349287419
7.472,-0.0969734821014973
7.474,-0.0952500497603238
7.476,-0.09301357455096071
7.478,-0.09038897441673527
7.48,-0.08754136685462402
7.482,-0.08466609028025116
7.484,-0.08194331415455747
7.486,-0.0795016005928624
7.488,-0.07740592056424653
7.49,-0.07565141521169039
7.492,-0.07416168131414234
7.494,-0.07282386462591542
7.496,-0.07156427026791518
7.498,-0.07039896883931213
7.5,-0.06940016088227896
7.502,-0.06862173286803173
7.504,-0.06807163279107173
7.506,-0.06772915671707501
7.508,-0.06754322982068242
7.51,-0.06740085386061889
7.512,-0.06711967342440996
7.514,-0.06651197063384837
7.516,-0.06548665099438442
7.518,-0.06410120468366785
7.52,-0.06252478429962778
7.522,-0.06094251393795426
7.524,-0.05946301160857573
7.526,-0.05807193785548162
7.528,-0.0566204964142833
7.53,-0.05485311979689282
7.532,-0.05250323400638797
7.534,-0.04941128342742215
7.536,-0.045576676973225094
7.538,-0.04112038735838836
7.54,-0.036189714924768246
7.542,-0.030868378605318325
7.544,-0.025164917840534325
7.546,-0.019064524499704326
7.548,-0.012573980252922362
7.55,-0.005750515664534155
7.552,0.0012864231402566761
7.554,0.008382522930744457
7.556,0.01538239561081408
7.558,0.02213983715209797
7.56,0.028535111263770556
7.562,0.03450153610468748
7.564,0.04002913834161919
7.566,0.04515711214453739
7.568,0.04996709934541447
7.57,0.05454945502265986
7.572,0.058952443101002366
7.574,0.06316908758711876
7.576,0.06717698660372116
7.578,0.07097421758609568
7.58,0.07455838746705223
7.582,0.07789472188655565
7.584,0.08093263552138863
7.586,0.08362904577903234
7.588,0.08594150012625626
7.59,0.08783637074980478
7.592,0.08933018061363418
7.594,0.09051438894013301
7.596,0.0915226048090318
7.598,0.09244870606729201
7.6,0.09326435748321094
7.602,0.09378878881292904
7.604,0.09373652929568389
7.606,0.09283724257183984
7.608,0.09097622123467174
7.61,0.088271097749656
7.612,0.08503806410177996
7.614,0.08167790471579926
7.616,0.07855198589048837
7.618,0.07588504571425687
7.62,0.07370443955923864
7.622,0.07185463020687384
7.624,0.07009344508932115
7.626,0.06820511851773073
7.628,0.06607477399798875
7.63,0.0637116766923066
7.632,0.06122029720962381
7.634,0.058738878445096725
7.636,0.05639050776177913
7.638,0.05425447773342481
7.64,0.052354010369217614
7.642,0.050677095854924276
7.644,0.049192264578502155
7.646,0.04782357817074938
7.648,0.04643223383696343
7.65,0.044840236890352415
7.652,0.04287436284925458
7.654,0.04041850100747222
7.656,0.037456811995364284
7.658,0.03405257450660111
7.66,0.030260664734108763
7.662,0.026069829643216746
7.664,0.021431981278921472
7.666,0.01630706871636223
7.668,0.010671169746854534
7.67,0.004530668449583407
7.672,-0.002038635925146727
7.674,-0.008858309716681046
7.676,-0.015661280979195162
7.678,-0.022175247511907456
7.68,-0.02822342582840176
7.682,-0.03376596920138023
7.684,-0.038886867744684986
7.686,-0.04377746431328186
7.688,-0.04869279820504139
7.69,-0.053836863426475624
7.692,-0.059266137835990385
7.694,-0.06490670668507162
7.696,-0.07062175106851089
7.698,-0.07625444746259677
7.7,-0.0816437823107762
7.702,-0.08662832807901025
7.704,-0.09106875619692734
7.706,-0.09487509486405732
7.708,-0.09799769551813223
7.71,-0.1003995408988105
7.712,-0.10204245738706093
7.714,-0.10290553477152747
7.716,-0.10302746599076952
7.718,-0.10251847507276592
7.72,-0.10153856037672344
7.722,-0.10029737511426204
7.724,-0.09906539626149459
7.726,-0.098144751705686
7.728,-0.09779613520234813
7.73,-0.09817655353375104
7.732,-0.09935209024543049
7.734,-0.1013541025588335
7.736,-0.1041755480589922
7.738,-0.10769245397736586
7.74,-0.11159711774588921
7.742,-0.11542597011731047
7.744,-0.11868749251625106
7.746,-0.12099525428152963
7.748,-0.12212561272373777
7.75,-0.12202413359698147
7.752,-0.12078647334528043
7.754,-0.11860093357060426
7.756,-0.11568110053468278
7.758,-0.11223822738367094
7.76,-0.10847964375488789
7.762,-0.1045829858644092
7.764,-0.1006639521400951
7.766,-0.09679462677817453
7.768,-0.0930421652189734
7.77,-0.08946144635657985
7.772,-0.08606591940822758
7.774,-0.08282778034078467
7.776,-0.07971242220830997
7.778,-0.07673402125567713
7.78,-0.07399428251682383
7.782,-0.07166815094799256
7.784,-0.06995030995690946
7.786,-0.06898795332618443
7.788,-0.06882450721239035
7.79,-0.06939856328319269
7.792,-0.07058045223012285
7.794,-0.07218259969268423
7.796,-0.07397432495520176
7.798,-0.07573973965766048
7.8,-0.0773309356324624
7.802,-0.07868241601523518
7.804,-0.07977973120117385
7.806,-0.08059646924123529
7.808,-0.08104015341579515
7.81,-0.08093183114427066
7.812,-0.08003596609617444
7.814,-0.07813544184491125
7.816,-0.0751016047737939
7.818,-0.07090020817985256
7.82,-0.0655539442563541
7.822,-0.05914116167970078
7.824,-0.051807149441848145
7.826,-0.04374090240242516
7.828,-0.03517116634343475
7.83,-0.02635981823973381
7.832,-0.017521008973155023
7.834,-0.008747229892882465
7.836,-3.2259374070350844e-05
7.838,0.008648006394541302
7.84,0.017251453892264207
7.842,0.0256268737376582
7.844,0.033547251073929
7.846,0.04077770778752625
7.848,0.047122534130508716
7.85,0.05245554338363619
7.852,0.05674121115389347
7.854,0.060044650903471775
7.856,0.06252869194156507
7.858,0.06439836104445022
7.86,0.06579827670524362
7.862,0.06675585020387305
7.864,0.06719623936322575
7.866,0.06700362003849611
7.868,0.0661297396062869
7.87,0.06465766572552013
7.872,0.06274865582073774
7.874,0.060568194863250005
7.876,0.05825111909299247
7.878,0.055899258943124946
7.88,0.05362664830674791
7.882,0.05158206468695341
7.884,0.049878568364702024
7.886,0.048515631766259296
7.888,0.04739219628832225
7.89,0.04638540181131584
7.892,0.04542061690761515
7.894,0.04447819014585204
7.896,0.04355106946003878
7.898,0.042623272055322896
7.9,0.04168159297283651
7.902,0.040730203776572306
7.904,0.03977518464987147
7.906,0.03876891907341513
7.908,0.03761388168309243
7.91,0.03625867556256808
7.912,0.03474937275849834
7.914,0.03319900809646226
7.916,0.031737002418797844
7.918,0.030453727841224493
7.92,0.02935913941061507
7.922,0.028348656493860654
7.924,0.027194383439049695
7.926,0.02561968809883307
7.928,0.023387706417565025
7.93,0.020328219250464928
7.932,0.016355941314925876
7.934,0.011490072429699367
7.936,0.005839363913861091
7.938,-0.00042886784983710985
7.94,-0.007121001282106659
7.942,-0.014049353406658527
7.944,-0.021050079752420348
7.946,-0.027978356745553882
7.948,-0.03468863742732916
7.95,-0.041029130228559176
7.952,-0.04685458997367465
7.954,-0.05202250621355456
7.956,-0.05639177952894689
7.958,-0.05986251004451647
7.96,-0.0624094342447382
7.962,-0.06408357106877505
7.964,-0.06503831843837571
7.966,-0.06555912868959887
7.968,-0.06599878906402645
7.97,-0.06662502079851934
7.972,-0.06753288999418414
7.974,-0.06872134693160858
7.976,-0.07023009583698542
7.978,-0.0721796986888343
7.98,-0.07467880511093888
7.982,-0.07772010864770335
7.984,-0.08120375636195676
7.986,-0.08501594632208591
7.988,-0.08902483823413496
7.99,-0.09304292947328167
7.992,-0.09684061186940521
7.994,-0.10018798384781047
7.996,-0.10290761936249726
7.998,-0.10493189407334579
8,-0.10631034678197131
8.002,-0.10716457447395905
8.004,-0.107650510565914
8.006,-0.10792788574365061
8.008,-0.1081201976903172
8.01,-0.10829139706222528
8.012,-0.1084325568877909
8.014,-0.10845994370624705
8.016,-0.10826270717283815
8.018,-0.10775915919874282
8.02,-0.10692019284105633
8.022,-0.10579850666089469
8.024,-0.10452471270965652
8.026,-0.10322191779257067
8.028,-0.10192142623358255
8.03,-0.10052768350790836
8.032,-0.09882340279414209
8.034,-0.0965447159686782
8.036,-0.09350492911691272
8.038,-0.08970470834363671
8.04,-0.0853835451760141
8.042,-0.08096886250858817
8.044,-0.07694083839212337
8.046,-0.07368826774413655
8.048,-0.07141982945660842
8.05,-0.07015559197799431
8.052,-0.06975957099619239
8.054,-0.06998088255696
8.056,-0.07053337309528493
8.058,-0.0712018969744368
8.06,-0.0718981367383325
8.062,-0.07262246655150015
8.064,-0.07335576772936464
8.066,-0.07396727040556862
8.068,-0.07420626083769186
8.07,-0.07375622057061204
8.072,-0.07232618796817251
8.074,-0.06975383391898514
8.076,-0.06604287791792847
8.078,-0.06130058755168905
8.08,-0.055635583294630746
8.082,-0.049116669666106415
8.084,-0.04182538602871094
8.086,-0.03390106452481899
8.088,-0.025515882922859938
8.09,-0.016857037001094227
8.092,-0.008138501839638872
8.094,0.0004255064380716614
8.096,0.008678853536263291
8.098,0.016556045567675884
8.1,0.024092513504608802
8.102,0.03142882551046431
8.104,0.03874978043430561
8.106,0.04615085639372281
8.108,0.05356715725636556
8.11,0.06080518329139284
8.112,0.06759575701936109
8.114,0.0736887352372447
8.116,0.07897927158495699
8.118,0.08353819486843563
8.12,0.08753102757612964
8.122,0.09111570142746402
8.124,0.09437403074226862
8.126,0.09729111162902604
8.128,0.09975771583344181
8.13,0.10158383266216907
8.132,0.10256420297223272
8.134,0.10258655299205434
8.136,0.10169998988535559
8.138,0.10010904551977795
8.14,0.09810687366358001
8.142,0.09597019109222943
8.144,0.0938734857281131
8.146,0.09184934665358499
8.148,0.08978698965462815
8.15,0.08750989406266584
8.152,0.08492020355079628
8.154,0.08207398984202596
8.156,0.07914327578613835
8.158,0.0763655581572629
8.16,0.07399860128991316
8.162,0.07223337835880264
8.164,0.07111914889095877
8.166,0.07057065125935727
8.168,0.07042998409649996
8.17,0.07052629209139237
8.172,0.07071567827088782
8.174,0.0708989595521458
8.176,0.07101176337463513
8.178,0.07099414980239219
8.18,0.07076431103993651
8.182,0.07022700990363556
8.184,0.06930262418625995
8.186,0.06792982499218538
8.188,0.06606184020302681
8.19,0.0636931074452209
8.192,0.060884894376217864
8.194,0.057767039910200484
8.196,0.0545164231903438
8.198,0.05131759062470478
8.2,0.048340368666477604
8.202,0.04570559284664059
8.204,0.04339365746765694
8.206,0.04120597483444383
8.208,0.03886221115723069
8.21,0.03610506953048882
8.212,0.03272978286574663
8.214,0.02861031493113413
8.216,0.023711814243556915
8.218,0.01802924777454159
8.22,0.011548074434024024
8.222,0.004328544176516836
8.224,-0.003406864794507032
8.226,-0.011345229412529528
8.228,-0.01924949093519497
8.23,-0.02703235495966554
8.232,-0.0346739764837721
8.234,-0.04208047961269955
8.236,-0.04902775054128703
8.238,-0.05525302624307244
8.24,-0.060603200373387685
8.242,-0.06510020613848994
8.244,-0.06889338987749832
8.246,-0.07217519592865865
8.248,-0.07513009253250202
8.25,-0.07789234095744624
8.252,-0.08049219906530466
8.254,-0.08286448687180537
8.256,-0.08492377470532333
8.258,-0.0866113114042754
8.26,-0.08790027394189667
8.262,-0.08880430031496414
8.264,-0.08938804454927896
8.266,-0.08977032970396784
8.268,-0.09010705001178118
8.27,-0.09053622711352802
8.272,-0.09112385420893734
8.274,-0.09185389768103241
8.276,-0.09264707466801447
8.278,-0.0933814965407821
8.28,-0.09391520811752785
8.282,-0.0941334137524967
8.284,-0.09400331282527949
8.286,-0.09357306351144312
8.288,-0.09291075494133978
8.29,-0.09203265999320934
8.292,-0.09086082734818819
8.294,-0.0892539990029858
8.296,-0.08710542825854548
8.298,-0.08441097840307726
8.3,-0.08123905256050952
8.302,-0.07765428566128894
8.304,-0.07369943881811436
8.306,-0.06944825248722195
8.308,-0.06503441716609916
8.31,-0.06061983038246744
8.312,-0.05635630857296625
8.314,-0.05235415175305404
8.316,-0.04864871140527671
8.318,-0.04519749777393574
8.32,-0.04189650463062864
8.322,-0.03858106535565702
8.324,-0.03505719147487816
8.326,-0.03117542927960781
8.328,-0.026883389719169953
8.33,-0.022262494373316004
8.332,-0.017568628933124157
8.334,-0.013194635591555877
8.336,-0.009495748955026716
8.338,-0.006603487387062037
8.34,-0.004405201759535779
8.342,-0.002661667593676649
8.344,-0.0011056925633856282
8.346,0.0005177747432955002
8.348,0.0024071923215149282
8.35,0.00465344971341948
8.352,0.007247222444987475
8.354,0.010161276884284247
8.356,0.013438741247038172
8.358,0.017209230793353028
8.36,0.02162710058075718
8.362,0.02680388588979722
8.364,0.032793842336061356
8.366,0.03958962119912986
8.368,0.047079436120114324
8.37,0.055035460778054296
8.372,0.06318686455820638
8.374,0.07128677820161959
8.376,0.07911038903467599
8.378,0.08645478053531383
8.38,0.09316784776838076
8.382,0.0991504394624987
8.384,0.10434209186317886
8.386,0.10873247969397039
8.388,0.11237185815332532
8.39,0.1153581963746799
8.392,0.11782211144468377
8.394,0.11990680776507709
8.396,0.12174006018939076
8.398,0.12342250498553353
8.4,0.12502941083385585
8.402,0.12660088707080125
8.404,0.1281153967656307
8.406,0.12947207395786994
8.408,0.13051952425713456
8.41,0.13112267728957527
8.412,0.13121937975869202
8.414,0.13085291279630668
8.416,0.13016927707715978
8.418,0.1293424930592375
8.42,0.12847479145971613
8.422,0.12757457044914838
8.424,0.12660266655124242
8.426,0.12550918873227468
8.428,0.12425047633198058
8.43,0.12280655372444435
8.432,0.12119363572210975
8.434,0.11946750573297439
8.436,0.11772886844586176
8.438,0.11613948171289809
8.44,0.11492922442726328
8.442,0.11433975008359569
8.444,0.11450178606636448
8.446,0.11535379169038763
8.448,0.11667390636342588
8.45,0.11815806519452332
8.452,0.11948010064734405
8.454,0.12035492321369655
8.456,0.12060413973258005
8.458,0.12016537890429775
8.46,0.11902896302119254
8.462,0.11716997711924501
8.464,0.11453798649606105
8.466,0.1110802232351725
8.468,0.1067517054950499
8.47,0.10152865331060192
8.472,0.09544010118509114
8.474,0.08858114537861281
8.476,0.0810970022413022
8.478,0.07316125674069449
8.48,0.06494945506447007
8.482,0.056619551229394154
8.484,0.04833061517196954
8.486,0.04027436979467196
8.488,0.032664037098158544
8.49,0.025693480455324092
8.492,0.019514746587680553
8.494,0.014232513364784875
8.496,0.00988634025603152
8.498,0.006420129616064496
8.5,0.0036524712519065026
8.502,0.0012887391166171592
8.504,-0.0009553712056256363
8.506,-0.003185003786891726
8.508,-0.005294964972987294
8.51,-0.0070887659922726845
8.512,-0.008406970653428141
8.514,-0.009195385025273626
8.516,-0.009515453481900606
8.518,-0.009506776092661689
8.52,-0.009330955433561671
8.522,-0.009137636285437413
8.524,-0.009066073308355058
8.526,-0.009250762037191398
8.528,-0.009797518082267311
8.53,-0.01075208346916665
8.532,-0.0121047134348885
8.534,-0.013820344553378897
8.536,-0.015846034797307642
8.538,-0.018079982021188712
8.54,-0.02035067280119276
8.542,-0.022468491930088513
8.544,-0.02433763114674158
8.546,-0.026025127377017412
8.548,-0.02770581479228649
8.55,-0.02953887524091437
8.552,-0.03157859646570135
8.554,-0.033729424850109144
8.556,-0.03573239511208107
8.558,-0.03722121947020823
8.56,-0.03784530680759425
8.562,-0.03738626622517109
8.564,-0.03579966322854498
8.566,-0.033162832433667994
8.568,-0.02958748620321993
8.57,-0.025189651648803317
8.572,-0.020128925898402428
8.574,-0.014637641184433338
8.576,-0.008987161373314456
8.578,-0.0034430877381204563
8.58,0.0017304858809074454
8.582,0.0062561259318355536
8.584,0.0098768880296464
8.586,0.012416566347561032
8.588,0.013818422507485606
8.59,0.014167446796756532
8.592,0.013697994780404236
8.594,0.012739220181699627
8.596,0.011604223936933347
8.598,0.010513004953759798
8.6,0.009585838759375902
8.602,0.008872440727327159
8.604,0.008397301061055249
8.606,0.008188764661702928
8.608,0.008263749872522735
8.61,0.00861705377654141
8.612,0.009252239609836179
8.614,0.010208616652638397
8.616,0.01155603874140125
8.618,0.013384577953647525
8.62,0.015801182489037606
8.622,0.01891775978169803
8.624,0.022813457570243112
8.626,0.027481788824632668
8.628,0.03282489540121476
8.63,0.03871626385791031
8.632,0.045053534562136795
8.634,0.05175510741979647
8.636,0.05873650626027619
8.638,0.06589568173968999
8.64,0.07311818193294034
8.642,0.08029520281639713
8.644,0.08732711410437863
8.646,0.0941317380731421
8.648,0.10068809075717335
8.65,0.10705934422710929
8.652,0.11333764674720598
8.654,0.11955821325193555
8.656,0.12564607720393733
8.658,0.1314209015133055
8.66,0.13667006550206737
8.662,0.1412188181511428
8.664,0.14491487917623994
8.666,0.14760186336760386
8.668,0.1491725388549629
8.67,0.1496209326152528
8.672,0.14902071280049756
8.674,0.14750131037544265
8.676,0.14525386456886852
8.678,0.14251749288383175
8.68,0.13955349620482407
8.682,0.136628108329282
8.684,0.13397119100240945
8.686,0.13171489172004153
8.688,0.12986996084058874
8.69,0.1283626861612494
8.692,0.1270963494605888
8.694,0.12598510412621722
8.696,0.12494311592863713
8.698,0.1238636680810876
8.7,0.12262204690621928
8.702,0.12109827497282996
8.704,0.11920536795668812
8.706,0.11688960516119777
8.708,0.11408682748470152
8.71,0.11071318470253312
8.712,0.10673208438760383
8.714,0.10220088242079273
8.716,0.09725095918561952
8.718,0.0920686156936007
8.72,0.08688569991458121
8.722,0.08193122257136357
8.724,0.07736090227354052
8.726,0.07322208110218928
8.728,0.06947834164017681
8.73,0.06606845830986668
8.732,0.06294644653848527
8.734,0.06007888567862685
8.736,0.05742450651940469
8.738,0.054925863646644854
8.74,0.05251260191314865
8.742,0.05010573865329025
8.744,0.0476282906655022
8.746,0.045025978895793406
8.748,0.0422814965497612
8.75,0.03939523535187085
8.752,0.03635108623713596
8.754,0.03313028629505071
8.756,0.029762560737394445
8.758,0.026337074918387632
8.76,0.022960933431168198
8.762,0.019706881631787552
8.764,0.016569746367703985
8.766,0.013458602854616624
8.768,0.010251625859703968
8.77,0.006864067198996855
8.772,0.0032658124409422062
8.774,-0.0005266527996185752
8.776,-0.0044522225271414265
8.778,-0.008428754419516828
8.78,-0.012384090147384855
8.782,-0.01624870416972525
8.784,-0.0199441394056407
8.786,-0.023397434131532183
8.788,-0.026535294781205386
8.79,-0.029256666389800144
8.792,-0.03144576512285994
8.794,-0.03304015682201892
8.796,-0.03409438629034537
8.798,-0.03477363719816155
8.8,-0.03528602069690847
8.802,-0.03580404335963218
8.804,-0.036394199935238326
8.806,-0.036998662199910125
8.808,-0.037511855329170556
8.81,-0.03785916497454495
8.812,-0.03798846029993016
8.814,-0.03785355476703411
8.816,-0.03745545117893002
8.818,-0.03687629421716066
8.82,-0.03624950753516566
8.822,-0.03569854050918734
8.824,-0.03529448266414835
8.826,-0.035042613735714746
8.828,-0.034901879076669654
8.83,-0.03482935611728375
8.832,-0.034803899620134776
8.834,-0.034802733525494275
8.836,-0.03476520179718857
8.838,-0.034600471313803116
8.84,-0.0342329882673557
8.842,-0.033613516526969096
8.844,-0.032685841600945495
8.846,-0.03137185320113303
8.848,-0.02958077099019596
8.85,-0.027208664047148348
8.852,-0.02415204200710659
8.854,-0.02036790083991171
8.856,-0.01595506073525834
8.858,-0.011193105488731987
8.86,-0.006480960073576361
8.862,-0.0022017244612929643
8.864,0.001374212042171509
8.866,0.004095342589720243
8.868,0.00591254160623925
8.87,0.006888126943195721
8.872,0.007184773413713749
8.874,0.0070177352514334025
8.876,0.00662462961646983
8.878,0.006266428264693556
8.88,0.006212214867788189
8.882,0.006690118542386662
8.884,0.007843169811654248
8.886,0.009726446904455767
8.888,0.012334925261324438
8.89,0.015627684165079484
8.892,0.019548187738563344
8.894,0.02404929318950659
8.896,0.029094711996429663
8.898,0.034647881833866676
8.9,0.04070596147639392
8.902,0.04734866392708115
8.904,0.05470578005245688
8.906,0.06284187158548596
8.908,0.07165213183178186
8.91,0.08083971112864793
8.912,0.08997553528512824
8.914,0.09860351680855686
8.916,0.10635101223535884
8.918,0.11300985599144747
8.92,0.11855541450635755
8.922,0.12310716971469703
8.924,0.12687894264017882
8.926,0.1301315288299812
8.928,0.13311141607898896
8.93,0.13600299949700556
8.932,0.1389140589321093
8.934,0.14187010116172677
8.936,0.14480586115103686
8.938,0.1475602612706967
8.94,0.14988020224606113
8.942,0.15145790658324387
8.944,0.1520211894895666
8.946,0.15142446919604735
8.948,0.1496692178022196
8.95,0.14687047628699387
8.952,0.14321504037658295
8.954,0.13891737066650223
8.956,0.13418307897928078
8.958,0.12918414877074313
8.96,0.12404043508679465
8.962,0.118821366539091
8.964,0.11357186024926497
8.966,0.10834308653485086
8.968,0.10321665841679153
8.97,0.09833272420413598
8.972,0.09390962628309325
8.974,0.09020038830902223
8.976,0.08738896813287593
8.978,0.08551654300594527
8.98,0.08448997088800636
8.982,0.08413700198060568
8.984,0.08425162208880516
8.986,0.08462040444610416
8.988,0.0850599479583119
8.99,0.08545285566642534
8.992,0.08574531529518029
8.994,0.08591392615391978
8.996,0.08592657174819646
8.998,0.08573059327927818
9,0.08528852452427824
9.002,0.08459736575007636
9.004,0.08363693281937469
9.006,0.08231978749525579
9.008,0.08051704072687471
9.01,0.07812652306474416
9.012,0.07512200370491337
9.014,0.07155092348478552
9.016,0.06747536399247508
9.018,0.06290341972469606
9.02,0.05778096511847829
9.022,0.052040441823190335
9.024,0.04564768661396584
9.026,0.03863594337795939
9.028,0.03113681823063852
9.03,0.023372555509034915
9.032,0.015579101936039189
9.034,0.007915343625041087
9.036,0.00045915515066867474
9.038,-0.00672209282809233
9.04,-0.013538272721703853
9.042,-0.019896583070928064
9.044,-0.0257063252328925
9.046,-0.030877491962954674
9.048,-0.035352411352413696
9.05,-0.039130635074241034
9.052,-0.04225673344552917
9.054,-0.04479980826160333
9.056,-0.046839387057005875
9.058,-0.04845756303889843
9.06,-0.049742571838046076
9.062,-0.0507958156475375
9.064,-0.05172476896862145
9.066,-0.0526223241307048
9.068,-0.05354972344499718
9.07,-0.0545277263218737
9.072,-0.05554305122968861
9.074,-0.0565833501946643
9.076,-0.05767328360645852
9.078,-0.05886856538469404
9.08,-0.06022448624371178
9.082,-0.06178380538560391
9.084,-0.06357535344106127
9.086,-0.0655861659790362
9.088,-0.06771953378403996
9.09,-0.06979022500897748
9.092,-0.07156414062075749
9.094,-0.07280607017591365
9.096,-0.0733295223189636
9.098,-0.07304489096148396
9.1,-0.07197014088984631
9.102,-0.07021171938092949
9.104,-0.06795384577188877
9.106,-0.06543079883811871
9.108,-0.06285070907245065
9.11,-0.0603236875577907
9.112,-0.057845079705392315
9.114,-0.055314958617270496
9.116,-0.052588839996146865
9.118,-0.04956522798926573
9.12,-0.0462524410532797
9.122,-0.04277311932975056
9.124,-0.03932893388364277
9.126,-0.036128369704221966
9.128,-0.03329822906954541
9.13,-0.030849946974278675
9.132,-0.028712459523386122
9.134,-0.02677991925106582
9.136,-0.024939235211662206
9.138,-0.023081030194642055
9.14,-0.02111827341672934
9.142,-0.01901806483509247
9.144,-0.01682465558282195
9.146,-0.014649366810504855
9.148,-0.012627921048752717
9.15,-0.01088056299747276
9.152,-0.009497068635826118
9.154,-0.008520841454944153
9.156,-0.007921963052471392
9.158,-0.007586099587714959
9.16,-0.007325895258717845
9.162,-0.006909477495610036
9.164,-0.006098360420535194
9.166,-0.00467421519726903
9.168,-0.0024518278237255636
9.17,0.0007148107060563555
9.172,0.004926482967797595
9.174,0.010214468832715685
9.176,0.01650909019777545
9.178,0.023635604657913405
9.18,0.03133642331591337
9.182,0.03930927699232598
9.184,0.04726345221894186
9.186,0.05496948405741391
9.188,0.06227234159197753
9.19,0.06907172367581638
9.192,0.07529527152876248
9.194,0.08088574662124513
9.196,0.08579445112309181
9.198,0.08996858540826695
9.2,0.09335586754621822
9.202,0.0959368108426715
9.204,0.09773655435980703
9.206,0.0988007930095382
9.208,0.09918788307039109
9.21,0.09898279339505611
9.212,0.09829683122748645
9.214,0.09725852020945974
9.216,0.09599956954595981
9.218,0.09462936951140269
9.22,0.09322894428441655
9.222,0.09186327958279106
9.224,0.09055944039003169
9.226,0.08927769636031482
9.228,0.08795533179461124
9.23,0.08658733459968695
9.232,0.08525541771666935
9.234,0.08410584875942029
9.236,0.08329607920261696
9.238,0.08290888474962765
9.24,0.08288898052088237
9.242,0.08306679623876759
9.244,0.0832480222373539
9.246,0.083287839400426
9.248,0.08309016511502294
9.25,0.08255971894687518
9.252,0.08159106070096661
9.254,0.08012072500310972
9.256,0.07817986826565747
9.258,0.07586999216684764
9.26,0.07327319019021133
9.262,0.07039985448049722
9.264,0.06722270451999253
9.266,0.06373457587370321
9.268,0.059970927256097546
9.27,0.05600332699363554
9.272,0.051920633687095256
9.274,0.047813630161521126
9.276,0.04377345197391338
9.278,0.039867118491869365
9.28,0.03608097752827614
9.282,0.032300719046534164
9.284,0.028364469485950474
9.286,0.024140120611539133
9.288,0.019569648883619943
9.29,0.014676975917811128
9.292,0.00955316188123765
9.294,0.004321395767414242
9.296,-0.00088672697989442
9.298,-0.005916948813702583
9.3,-0.010588538913599461
9.302,-0.01474546711081362
9.304,-0.018313217586363312
9.306,-0.021310052575815523
9.308,-0.023830557613993275
9.31,-0.026018690580412604
9.312,-0.028027588185461937
9.314,-0.029983054882685156
9.316,-0.03197263453577723
9.318,-0.034052244240643265
9.32,-0.03624113108655842
9.322,-0.038499710767914995
9.324,-0.04071864831170907
9.326,-0.04274730493518043
9.328,-0.044465408590465924
9.33,-0.04585580945875782
9.332,-0.0470129951934439
9.334,-0.04808465562120457
9.336,-0.04920732444806837
9.338,-0.05046126628024535
9.34,-0.051836287405601124
9.342,-0.053240793612919245
9.344,-0.05457169879529512
9.346,-0.05579477408348865
9.348,-0.05698279778621771
9.35,-0.058284449038532325
9.352,-0.059829434217996205
9.354,-0.061635781064577636
9.356,-0.06359519204387089
9.358,-0.06554237918007862
9.36,-0.0673422397598274
9.362,-0.06893942108847127
9.364,-0.07037202272253104
9.366,-0.0717449137903217
9.368,-0.07314247788592627
9.37,-0.07453287246736601
9.372,-0.07576070986059379
