Time (Seconds),Amplitude (Volts) [Filtered 0.3-10.0Hz],,,,,Time (Seconds),,,,Amplitude (Volts) [Filtered 0.3-10.0Hz]
0,0.024806182,,,,,21305,,,,-0.024806182
0.002,0.031726318,,,,,21306,,,,-0.031726318
0.004,0.038421246,,,,,21307,,,,-0.038421246
0.006,0.044869592,,,,,21308,,,-1,-0.044869592
0.008,0.051052197,,,,,21309,,,,-0.051052197
0.01,0.05695242,,,,,21310,,,,-0.05695242
0.012,0.062556306,,,,,21311,,,,-0.062556306
0.014,0.067852769,,,,,21312,,,,-0.067852769
0.016,0.072833878,,,,,21313,,,,-0.072833878
0.018,0.077495143,,,,,21314,,,,-0.077495143
0.02,0.081835878,,,,,21315,,,,-0.081835878
0.022,0.085859676,,,,,21316,,,,-0.085859676
0.024,0.08957479,,,,,21317,,,,-0.08957479
0.026,0.092994161,,,,,21318,,,,-0.092994161
0.028,0.096135003,,,,,21319,,,,-0.096135003
0.03,0.099018041,,,,,21320,,,,-0.099018041
0.032,0.101666782,,,,,21321,,,,-0.101666782
0.034,0.104106872,,,,,21322,,,,-0.104106872
0.036,0.106365341,,,,,21323,,,,-0.106365341
0.038,0.108470111,,,,,21324,,,,-0.108470111
0.04,0.110450104,,,,,21325,,,,-0.110450104
0.042,0.112335365,,,,,21326,,,,-0.112335365
0.044,0.11415647,,,,,21327,,,,-0.11415647
0.046,0.115943279,,,,,21328,,,,-0.115943279
0.048,0.117723517,,,,,21329,,,,-0.117723517
0.05,0.119521645,,,,,21330,,,,-0.119521645
0.052,0.121358112,,,,,21331,,,,-0.121358112
0.054,0.1232489,,,,,21332,,,,-0.1232489
0.056,0.125205405,,,,,21333,,,,-0.125205405
0.058,0.127234627,,,,,21334,,,,-0.127234627
0.06,0.129339474,,,,,21335,,,,-0.129339474
0.062,0.131519119,,,,,21336,,,,-0.131519119
0.064,0.133769377,,,,,21337,,,,-0.133769377
0.066,0.136083075,,,,,21338,,,,-0.136083075
0.068,0.13845054,,,,,21339,,,,-0.13845054
0.07,0.140860089,,,,,21340,,,,-0.140860089
0.072,0.143298198,,,,,21341,,,,-0.143298198
0.074,0.145749474,,,,,21342,,,,-0.145749474
0.076,0.148196697,,,,,21343,,,,-0.148196697
0.078,0.150620932,,,,,21344,,,,-0.150620932
0.08,0.153001757,,,,,21345,,,,-0.153001757
0.082,0.155317525,,,,,21346,,,,-0.155317525
0.084,0.157545553,,,,,21347,,,,-0.157545553
0.086,0.159662492,,,,,21348,,,,-0.159662492
0.088,0.161645219,,,,,21349,,,,-0.161645219
0.09,0.163472199,,,,,21350,,,,-0.163472199
0.092,0.165124776,,,,,21351,,,,-0.165124776
0.094,0.166587913,,,,,21352,,,,-0.166587913
0.096,0.167850664,,,,,21353,,,,-0.167850664
0.098,0.168906879,,,,,21354,,,,-0.168906879
0.1,0.169755999,,,,,21355,,,,-0.169755999
0.102,0.170403342,,,,,21356,,,,-0.170403342
0.104,0.170859535,,,,,21357,,,,-0.170859535
0.106,0.171139116,,,,,21358,,,,-0.171139116
0.108,0.171258552,,,,,21359,,,,-0.171258552
0.11,0.171234156,,,,,21360,,,,-0.171234156
0.112,0.171080141,,,,,21361,,,,-0.171080141
0.114,0.170806987,,,,,21362,,,,-0.170806987
0.116,0.170420851,,,,,21363,,,,-0.170420851
0.118,0.169924268,,,,,21364,,,,-0.169924268
0.12,0.169317315,,,,,21365,,,,-0.169317315
0.122,0.168598495,,,,,21366,,,,-0.168598495
0.124,0.167765289,,,,,21367,,,,-0.167765289
0.126,0.166814725,,,,,21368,,,,-0.166814725
0.128,0.16574407,,,,,21369,,,,-0.16574407
0.13,0.164551307,,,,,21370,,,,-0.164551307
0.132,0.163235315,,,,,21371,,,,-0.163235315
0.134,0.161795903,,,,,21372,,,,-0.161795903
0.136,0.160233558,,,,,21373,,,,-0.160233558
0.138,0.158549034,,,,,21374,,,,-0.158549034
0.14,0.156743186,,,,,21375,,,,-0.156743186
0.142,0.15481718,,,,,21376,,,,-0.15481718
0.144,0.152772853,,,,,21377,,,,-0.152772853
0.146,0.150612986,,,,,21378,,,,-0.150612986
0.148,0.14834151,,,,,21379,,,,-0.14834151
0.15,0.145963903,,,,,21380,,,,-0.145963903
0.152,0.143487642,,,,,21381,,,,-0.143487642
0.154,0.140922185,,,,,21382,,,,-0.140922185
0.156,0.138278318,,,,,21383,,,,-0.138278318
0.158,0.135567398,,,,,21384,,,,-0.135567398
0.16,0.132801087,,,,,21385,,,,-0.132801087
0.162,0.129991739,,,,,21386,,,,-0.129991739
0.164,0.12715292,,,,,21387,,,,-0.12715292
0.166,0.124299552,,,,,21388,,,,-0.124299552
0.168,0.121447692,,,,,21389,,,,-0.121447692
0.17,0.118614024,,,,,21390,,,,-0.118614024
0.172,0.11581523,,,,,21391,,,,-0.11581523
0.174,0.113067701,,,,,21392,,,,-0.113067701
0.176,0.110387629,,,,,21393,,,,-0.110387629
0.178,0.107790898,,,,,21394,,,,-0.107790898
0.18,0.105292622,,,,,21395,,,,-0.105292622
0.182,0.102906596,,,,,21396,,,,-0.102906596
0.184,0.100644756,,,,,21397,,,,-0.100644756
0.186,0.098516283,,,,,21398,,,,-0.098516283
0.188,0.09652631,,,,,21399,,,,-0.09652631
0.19,0.094674905,,,,,21400,,,,-0.094674905
0.192,0.092957212,,,,,21401,,,,-0.092957212
0.194,0.091364657,,,,,21402,,,,-0.091364657
0.196,0.089886369,,,,,21403,,,,-0.089886369
0.198,0.088510103,,,,,21404,,,,-0.088510103
0.2,0.087222807,,,,,21405,,,,-0.087222807
0.202,0.086011489,,,,,21406,,,,-0.086011489
0.204,0.084864367,,,,,21407,,,,-0.084864367
0.206,0.083771481,,,,,21408,,,,-0.083771481
0.208,0.082724361,,,,,21409,,,,-0.082724361
0.21,0.081715331,,,,,21410,,,,-0.081715331
0.212,0.080737317,,,,,21411,,,,-0.080737317
0.214,0.079784172,,,,,21412,,,,-0.079784172
0.216,0.078850842,,,,,21413,,,,-0.078850842
0.218,0.077933094,,,,,21414,,,,-0.077933094
0.22,0.077027112,,,,,21415,,,,-0.077027112
0.222,0.076129335,,,,,21416,,,,-0.076129335
0.224,0.075236671,,,,,21417,,,,-0.075236671
0.226,0.074346758,,,,,21418,,,,-0.074346758
0.228,0.073457661,,,,,21419,,,,-0.073457661
0.23,0.072567263,,,,,21420,,,,-0.072567263
0.232,0.071673223,,,,,21421,,,,-0.071673223
0.234,0.070773404,,,,,21422,,,,-0.070773404
0.236,0.069865999,,,,,21423,,,,-0.069865999
0.238,0.068949227,,,,,21424,,,,-0.068949227
0.24,0.06802121,,,,,21425,,,,-0.06802121
0.242,0.067080347,,,,,21426,,,,-0.067080347
0.244,0.066125714,,,,,21427,,,,-0.066125714
0.246,0.06515693,,,,,21428,,,,-0.06515693
0.248,0.064173567,,,,,21429,,,,-0.064173567
0.25,0.063174655,,,,,21430,,,,-0.063174655
0.252,0.062158763,,,,,21431,,,,-0.062158763
0.254,0.061124434,,,,,21432,,,,-0.061124434
0.256,0.060070673,,,,,21433,,,,-0.060070673
0.258,0.058997419,,,,,21434,,,,-0.058997419
0.26,0.057905809,,,,,21435,,,,-0.057905809
0.262,0.056798202,,,,,21436,,,,-0.056798202
0.264,0.055678288,,,,,21437,,,,-0.055678288
0.266,0.054551257,,,,,21438,,,,-0.054551257
0.268,0.053423753,,,,,21439,,,,-0.053423753
0.27,0.052303699,,,,,21440,,,,-0.052303699
0.272,0.051200301,,,,,21441,,,,-0.051200301
0.274,0.050124323,,,,,21442,,,,-0.050124323
0.276,0.049088396,,,,,21443,,,,-0.049088396
0.278,0.048106867,,,,,21444,,,,-0.048106867
0.28,0.047195113,,,,,21445,,,,-0.047195113
0.282,0.046368924,,,,,21446,,,,-0.046368924
0.284,0.045644058,,,,,21447,,,,-0.045644058
0.286,0.045035614,,,,,21448,,,,-0.045035614
0.288,0.044557171,,,,,21449,,,,-0.044557171
0.29,0.044220012,,,,,21450,,,,-0.044220012
0.292,0.044032396,,,,,21451,,,,-0.044032396
0.294,0.043998902,,,,,21452,,,,-0.043998902
0.296,0.044120151,,,,,21453,,,,-0.044120151
0.298,0.044392938,,,,,21454,,,,-0.044392938
0.3,0.044810644,,,,,21455,,,,-0.044810644
0.302,0.045363881,,,,,21456,,,,-0.045363881
0.304,0.046041006,,,,,21457,,,,-0.046041006
0.306,0.04682817,,,,,21458,,,,-0.04682817
0.308,0.047709205,,,,,21459,,,,-0.047709205
0.31,0.048665929,,,,,21460,,,,-0.048665929
0.312,0.049678841,,,,,21461,,,,-0.049678841
0.314,0.050727836,,,,,21462,,,,-0.050727836
0.316,0.051792617,,,,,21463,,,,-0.051792617
0.318,0.052852905,,,,,21464,,,,-0.052852905
0.32,0.053888739,,,,,21465,,,,-0.053888739
0.322,0.054880836,,,,,21466,,,,-0.054880836
0.324,0.055810619,,,,,21467,,,,-0.055810619
0.326,0.056659925,,,,,21468,,,,-0.056659925
0.328,0.057411046,,,,,21469,,,,-0.057411046
0.33,0.058047499,,,,,21470,,,,-0.058047499
0.332,0.058555223,,,,,21471,,,,-0.058555223
0.334,0.05892381,,,,,21472,,,,-0.05892381
0.336,0.059147401,,,,,21473,,,,-0.059147401
0.338,0.059224814,,,,,21474,,,,-0.059224814
0.34,0.059158942,,,,,21475,,,,-0.059158942
0.342,0.058956033,,,,,21476,,,,-0.058956033
0.344,0.058625481,,,,,21477,,,,-0.058625481
0.346,0.058179971,,,,,21478,,,,-0.058179971
0.348,0.057635229,,,,,21479,,,,-0.057635229
0.35,0.057009011,,,,,21480,,,,-0.057009011
0.352,0.056319749,,,,,21481,,,,-0.056319749
0.354,0.055585056,,,,,21482,,,,-0.055585056
0.356,0.054820105,,,,,21483,,,,-0.054820105
0.358,0.0540365,,,,,21484,,,,-0.0540365
0.36,0.05324213,,,,,21485,,,,-0.05324213
0.362,0.052441553,,,,,21486,,,,-0.052441553
0.364,0.051636519,,,,,21487,,,,-0.051636519
0.366,0.05082646,,,,,21488,,,,-0.05082646
0.368,0.050008818,,,,,21489,,,,-0.050008818
0.37,0.049179452,,,,,21490,,,,-0.049179452
0.372,0.048333323,,,,,21491,,,,-0.048333323
0.374,0.047465303,,,,,21492,,,,-0.047465303
0.376,0.046571093,,,,,21493,,,,-0.046571093
0.378,0.045647981,,,,,21494,,,,-0.045647981
0.38,0.044694896,,,,,21495,,,,-0.044694896
0.382,0.043711816,,,,,21496,,,,-0.043711816
0.384,0.042699058,,,,,21497,,,,-0.042699058
0.386,0.041656898,,,,,21498,,,,-0.041656898
0.388,0.040585493,,,,,21499,,,,-0.040585493
0.39,0.039484613,,,,,21500,,,,-0.039484613
0.392,0.038353206,,,,,21501,,,,-0.038353206
0.394,0.037189573,,,,,21502,,,,-0.037189573
0.396,0.035992428,,,,,21503,,,,-0.035992428
0.398,0.034761858,,,,,21504,,,,-0.034761858
0.4,0.033499285,,,,,21505,,,,-0.033499285
0.402,0.032206909,,,,,21506,,,,-0.032206909
0.404,0.030887388,,,,,21507,,,,-0.030887388
0.406,0.029543939,,,,,21508,,,,-0.029543939
0.408,0.028180533,,,,,21509,,,,-0.028180533
0.41,0.026802028,,,,,21510,,,,-0.026802028
0.412,0.025414252,,,,,21511,,,,-0.025414252
0.414,0.024024034,,,,,21512,,,,-0.024024034
0.416,0.022639019,,,,,21513,,,,-0.022639019
0.418,0.021267254,,,,,21514,,,,-0.021267254
0.42,0.019916851,,,,,21515,,,,-0.019916851
0.422,0.018596026,,,,,21516,,,,-0.018596026
0.424,0.017313298,,,,,21517,,,,-0.017313298
0.426,0.016077255,,,,,21518,,,,-0.016077255
0.428,0.014895761,,,,,21519,,,,-0.014895761
0.43,0.013774849,,,,,21520,,,,-0.013774849
0.432,0.012717338,,,,,21521,,,,-0.012717338
0.434,0.011721542,,,,,21522,,,,-0.011721542
0.436,0.010780839,,,,,21523,,,,-0.010780839
0.438,0.009884641,,,,,21524,,,,-0.009884641
0.44,0.009020332,,,,,21525,,,,-0.009020332
0.442,0.008175123,,,,,21526,,,,-0.008175123
0.444,0.007337278,,,,,21527,,,,-0.007337278
0.446,0.006496847,,,,,21528,,,,-0.006496847
0.448,0.005646101,,,,,21529,,,,-0.005646101
0.45,0.004779793,,,,,21530,,,,-0.004779793
0.452,0.003895191,,,,,21531,,,,-0.003895191
0.454,0.002991717,,,,,21532,,,,-0.002991717
0.456,0.002070632,,,,,21533,,,,-0.002070632
0.458,0.001135178,,,,,21534,,,,-0.001135178
0.46,0.000190655,,,,,21535,,,,-0.000190655
0.462,-0.000756116,,,,,21536,,,,0.000756116
0.464,-0.001697622,,,,,21537,,,,0.001697622
0.466,-0.002626343,,,,,21538,,,,0.002626343
0.468,-0.003535394,,,,,21539,,,,0.003535394
0.47,-0.004418954,,,,,21540,,,,0.004418954
0.472,-0.005272197,,,,,21541,,,,0.005272197
0.474,-0.006091038,,,,,21542,,,,0.006091038
0.476,-0.006871835,,,,,21543,,,,0.006871835
0.478,-0.007610839,,,,,21544,,,,0.007610839
0.48,-0.008303663,,,,,21545,,,,0.008303663
0.482,-0.00894526,,,,,21546,,,,0.00894526
0.484,-0.009530376,,,,,21547,,,,0.009530376
0.486,-0.010054432,,,,,21548,,,,0.010054432
0.488,-0.010514671,,,,,21549,,,,0.010514671
0.49,-0.010910863,,,,,21550,,,,0.010910863
0.492,-0.011245187,,,,,21551,,,,0.011245187
0.494,-0.011521838,,,,,21552,,,,0.011521838
0.496,-0.011747077,,,,,21553,,,,0.011747077
0.498,-0.011929651,,,,,21554,,,,0.011929651
0.5,-0.012080812,,,,,21555,,,,0.012080812
0.502,-0.012213534,,,,,21556,,,,0.012213534
0.504,-0.012341397,,,,,21557,,,,0.012341397
0.506,-0.012477626,,,,,21558,,,,0.012477626
0.508,-0.01263426,,,,,21559,,,,0.01263426
0.51,-0.012821591,,,,,21560,,,,0.012821591
0.512,-0.013048057,,,,,21561,,,,0.013048057
0.514,-0.01332026,,,,,21562,,,,0.01332026
0.516,-0.013642899,,,,,21563,,,,0.013642899
0.518,-0.014018752,,,,,21564,,,,0.014018752
0.52,-0.014448581,,,,,21565,,,,0.014448581
0.522,-0.014931027,,,,,21566,,,,0.014931027
0.524,-0.01546305,,,,,21567,,,,0.01546305
0.526,-0.016040443,,,,,21568,,,,0.016040443
0.528,-0.016657674,,,,,21569,,,,0.016657674
0.53,-0.017307786,,,,,21570,,,,0.017307786
0.532,-0.017983295,,,,,21571,,,,0.017983295
0.534,-0.018677502,,,,,21572,,,,0.018677502
0.536,-0.019385408,,,,,21573,,,,0.019385408
0.538,-0.020104133,,,,,21574,,,,0.020104133
0.54,-0.020832725,,,,,21575,,,,0.020832725
0.542,-0.021571349,,,,,21576,,,,0.021571349
0.544,-0.022320353,,,,,21577,,,,0.022320353
0.546,-0.023079824,,,,,21578,,,,0.023079824
0.548,-0.023849572,,,,,21579,,,,0.023849572
0.55,-0.024629056,,,,,21580,,,,0.024629056
0.552,-0.025417202,,,,,21581,,,,0.025417202
0.554,-0.026212251,,,,,21582,,,,0.026212251
0.556,-0.027011461,,,,,21583,,,,0.027011461
0.558,-0.027810721,,,,,21584,,,,0.027810721
0.56,-0.028604532,,,,,21585,,,,0.028604532
0.562,-0.029386244,,,,,21586,,,,0.029386244
0.564,-0.03014795,,,,,21587,,,,0.03014795
0.566,-0.030879982,,,,,21588,,,,0.030879982
0.568,-0.03157066,,,,,21589,,,,0.03157066
0.57,-0.032206451,,,,,21590,,,,0.032206451
0.572,-0.032772048,,,,,21591,,,,0.032772048
0.574,-0.033250565,,,,,21592,,,,0.033250565
0.576,-0.033624229,,,,,21593,,,,0.033624229
0.578,-0.033875132,,,,,21594,,,,0.033875132
0.58,-0.033985533,,,,,21595,,,,0.033985533
0.582,-0.033937735,,,,,21596,,,,0.033937735
0.584,-0.033713536,,,,,21597,,,,0.033713536
0.586,-0.033293484,,,,,21598,,,,0.033293484
0.588,-0.032656472,,,,,21599,,,,0.032656472
0.59,-0.031779792,,,,,21600,,,,0.031779792
0.592,-0.030639584,,,,,21601,,,,0.030639584
0.594,-0.029211654,,,,,21602,,,,0.029211654
0.596,-0.027472543,,,,,21603,,,,0.027472543
0.598,-0.025400803,,,,,21604,,,,0.025400803
0.6,-0.022978764,,,,,21605,,,,0.022978764
0.602,-0.020194507,,,,,21606,,,,0.020194507
0.604,-0.017043182,,,,,21607,,,,0.017043182
0.606,-0.013527033,,,,,21608,,,,0.013527033
0.608,-0.009654448,,,,,21609,,,,0.009654448
0.61,-0.005439026,,,,,21610,,,,0.005439026
0.612,-0.000898973,,,,,21611,,,,0.000898973
0.614,0.003943695,,,,,21612,,,,-0.003943695
0.616,0.009064185,,,,,21613,,,,-0.009064185
0.618,0.014435545,,,,,21614,,,,-0.014435545
0.62,0.020028706,,,,,21615,,,,-0.020028706
0.622,0.02581261,,,,,21616,,,,-0.02581261
0.624,0.03175451,,,,,21617,,,,-0.03175451
0.626,0.037820268,,,,,21618,,,,-0.037820268
0.628,0.043974895,,,,,21619,,,,-0.043974895
0.63,0.050183361,,,,,21620,,,,-0.050183361
0.632,0.056411272,,,,,21621,,,,-0.056411272
0.634,0.062625276,,,,,21622,,,,-0.062625276
0.636,0.068793163,,,,,21623,,,,-0.068793163
0.638,0.074883699,,,,,21624,,,,-0.074883699
0.64,0.080866667,,,,,21625,,,,-0.080866667
0.642,0.086713515,,,,,21626,,,,-0.086713515
0.644,0.09239811,,,,,21627,,,,-0.09239811
0.646,0.097896757,,,,,21628,,,,-0.097896757
0.648,0.103187594,,,,,21629,,,,-0.103187594
0.65,0.108249951,,,,,21630,,,,-0.108249951
0.652,0.113063902,,,,,21631,,,,-0.113063902
0.654,0.11761026,,,,,21632,,,,-0.11761026
0.656,0.1218711,,,,,21633,,,,-0.1218711
0.658,0.125830308,,,,,21634,,,,-0.125830308
0.66,0.12947388,,,,,21635,,,,-0.12947388
0.662,0.132790329,,,,,21636,,,,-0.132790329
0.664,0.135771416,,,,,21637,,,,-0.135771416
0.666,0.138412756,,,,,21638,,,,-0.138412756
0.668,0.140713735,,,,,21639,,,,-0.140713735
0.67,0.142676823,,,,,21640,,,,-0.142676823
0.672,0.144306786,,,,,21641,,,,-0.144306786
0.674,0.145610052,,,,,21642,,,,-0.145610052
0.676,0.146593917,,,,,21643,,,,-0.146593917
0.678,0.14726555,,,,,21644,,,,-0.14726555
0.68,0.147631367,,,,,21645,,,,-0.147631367
0.682,0.147697201,,,,,21646,,,,-0.147697201
0.684,0.147469262,,,,,21647,,,,-0.147469262
0.686,0.146955539,,,,,21648,,,,-0.146955539
0.688,0.146166751,,,,,21649,,,,-0.146166751
0.69,0.14511652,,,,,21650,,,,-0.14511652
0.692,0.143821122,,,,,21651,,,,-0.143821122
0.694,0.142298803,,,,,21652,,,,-0.142298803
0.696,0.140568885,,,,,21653,,,,-0.140568885
0.698,0.13865152,,,,,21654,,,,-0.13865152
0.7,0.136568229,,,,,21655,,,,-0.136568229
0.702,0.134342514,,,,,21656,,,,-0.134342514
0.704,0.132000058,,,,,21657,,,,-0.132000058
0.706,0.129568317,,,,,21658,,,,-0.129568317
0.708,0.127075595,,,,,21659,,,,-0.127075595
0.71,0.124549953,,,,,21660,,,,-0.124549953
0.712,0.122018307,,,,,21661,,,,-0.122018307
0.714,0.119505738,,,,,21662,,,,-0.119505738
0.716,0.117034873,,,,,21663,,,,-0.117034873
0.718,0.114625353,,,,,21664,,,,-0.114625353
0.72,0.112293584,,,,,21665,,,,-0.112293584
0.722,0.110052979,,,,,21666,,,,-0.110052979
0.724,0.107914358,,,,,21667,,,,-0.107914358
0.726,0.105885963,,,,,21668,,,,-0.105885963
0.728,0.103973102,,,,,21669,,,,-0.103973102
0.73,0.10217771,,,,,21670,,,,-0.10217771
0.732,0.100498206,,,,,21671,,,,-0.100498206
0.734,0.098929999,,,,,21672,,,,-0.098929999
0.736,0.097466168,,,,,21673,,,,-0.097466168
0.738,0.096097409,,,,,21674,,,,-0.096097409
0.74,0.094811591,,,,,21675,,,,-0.094811591
0.742,0.093593903,,,,,21676,,,,-0.093593903
0.744,0.092427241,,,,,21677,,,,-0.092427241
0.746,0.091292315,,,,,21678,,,,-0.091292315
0.748,0.090168007,,,,,21679,,,,-0.090168007
0.75,0.089032303,,,,,21680,,,,-0.089032303
0.752,0.087863367,,,,,21681,,,,-0.087863367
0.754,0.086640849,,,,,21682,,,,-0.086640849
0.756,0.085347255,,,,,21683,,,,-0.085347255
0.758,0.083968551,,,,,21684,,,,-0.083968551
0.76,0.082493964,,,,,21685,,,,-0.082493964
0.762,0.080915935,,,,,21686,,,,-0.080915935
0.764,0.079230438,,,,,21687,,,,-0.079230438
0.766,0.077436928,,,,,21688,,,,-0.077436928
0.768,0.07553773,,,,,21689,,,,-0.07553773
0.77,0.073537417,,,,,21690,,,,-0.073537417
0.772,0.071442517,,,,,21691,,,,-0.071442517
0.774,0.06926132,,,,,21692,,,,-0.06926132
0.776,0.067003582,,,,,21693,,,,-0.067003582
0.778,0.064680063,,,,,21694,,,,-0.064680063
0.78,0.062301944,,,,,21695,,,,-0.062301944
0.782,0.059880518,,,,,21696,,,,-0.059880518
0.784,0.057427269,,,,,21697,,,,-0.057427269
0.786,0.054953496,,,,,21698,,,,-0.054953496
0.788,0.052469212,,,,,21699,,,,-0.052469212
0.79,0.04998239,,,,,21700,,,,-0.04998239
0.792,0.047499039,,,,,21701,,,,-0.047499039
0.794,0.045023313,,,,,21702,,,,-0.045023313
0.796,0.042557492,,,,,21703,,,,-0.042557492
0.798,0.040102691,,,,,21704,,,,-0.040102691
0.8,0.037660175,,,,,21705,,,,-0.037660175
0.802,0.035232339,,,,,21706,,,,-0.035232339
0.804,0.032822902,,,,,21707,,,,-0.032822902
0.806,0.030436434,,,,,21708,,,,-0.030436434
0.808,0.028077658,,,,,21709,,,,-0.028077658
0.81,0.025751125,,,,,21710,,,,-0.025751125
0.812,0.023461349,,,,,21711,,,,-0.023461349
0.814,0.021212908,,,,,21712,,,,-0.021212908
0.816,0.019010394,,,,,21713,,,,-0.019010394
0.818,0.016858541,,,,,21714,,,,-0.016858541
0.82,0.014762571,,,,,21715,,,,-0.014762571
0.822,0.012728594,,,,,21716,,,,-0.012728594
0.824,0.010764049,,,,,21717,,,,-0.010764049
0.826,0.008877821,,,,,21718,,,,-0.008877821
0.828,0.007079795,,,,,21719,,,,-0.007079795
0.83,0.00538035,,,,,21720,,,,-0.00538035
0.832,0.003790474,,,,,21721,,,,-0.003790474
0.834,0.002322107,,,,,21722,,,,-0.002322107
0.836,0.000987622,,,,,21723,,,,-0.000987622
0.838,-0.000201661,,,,,21724,,,,0.000201661
0.84,-0.001236752,,,,,21725,,,,0.001236752
0.842,-0.002111366,,,,,21726,,,,0.002111366
0.844,-0.002822241,,,,,21727,,,,0.002822241
0.846,-0.003370096,,,,,21728,,,,0.003370096
0.848,-0.003760561,,,,,21729,,,,0.003760561
0.85,-0.004004293,,,,,21730,,,,0.004004293
0.852,-0.004116239,,,,,21731,,,,0.004116239
0.854,-0.004114217,,,,,21732,,,,0.004114217
0.856,-0.00401749,,,,,21733,,,,0.00401749
0.858,-0.003845994,,,,,21734,,,,0.003845994
0.86,-0.00361988,,,,,21735,,,,0.00361988
0.862,-0.003358621,,,,,21736,,,,0.003358621
0.864,-0.003079774,,,,,21737,,,,0.003079774
0.866,-0.002797965,,,,,21738,,,,0.002797965
0.868,-0.002524642,,,,,21739,,,,0.002524642
0.87,-0.002268613,,,,,21740,,,,0.002268613
0.872,-0.002036626,,,,,21741,,,,0.002036626
0.874,-0.001833529,,,,,21742,,,,0.001833529
0.876,-0.001662679,,,,,21743,,,,0.001662679
0.878,-0.001526953,,,,,21744,,,,0.001526953
0.88,-0.001429631,,,,,21745,,,,0.001429631
0.882,-0.001374449,,,,,21746,,,,0.001374449
0.884,-0.001365193,,,,,21747,,,,0.001365193
0.886,-0.001405609,,,,,21748,,,,0.001405609
0.888,-0.001499659,,,,,21749,,,,0.001499659
0.89,-0.001651499,,,,,21750,,,,0.001651499
0.892,-0.001864964,,,,,21751,,,,0.001864964
0.894,-0.002143095,,,,,21752,,,,0.002143095
0.896,-0.00248816,,,,,21753,,,,0.00248816
0.898,-0.002901849,,,,,21754,,,,0.002901849
0.9,-0.003385373,,,,,21755,,,,0.003385373
0.902,-0.003939386,,,,,21756,,,,0.003939386
0.904,-0.004563566,,,,,21757,,,,0.004563566
0.906,-0.005255963,,,,,21758,,,,0.005255963
0.908,-0.006012661,,,,,21759,,,,0.006012661
0.91,-0.006827838,,,,,21760,,,,0.006827838
0.912,-0.007693927,,,,,21761,,,,0.007693927
0.914,-0.008601929,,,,,21762,,,,0.008601929
0.916,-0.009542107,,,,,21763,,,,0.009542107
0.918,-0.010504973,,,,,21764,,,,0.010504973
0.92,-0.011482701,,,,,21765,,,,0.011482701
0.922,-0.012470863,,,,,21766,,,,0.012470863
0.924,-0.013469547,,,,,21767,,,,0.013469547
0.926,-0.014483175,,,,,21768,,,,0.014483175
0.928,-0.015519599,,,,,21769,,,,0.015519599
0.93,-0.016589037,,,,,21770,,,,0.016589037
0.932,-0.017702374,,,,,21771,,,,0.017702374
0.934,-0.018868842,,,,,21772,,,,0.018868842
0.936,-0.020094349,,,,,21773,,,,0.020094349
0.938,-0.021381382,,,,,21774,,,,0.021381382
0.94,-0.022729931,,,,,21775,,,,0.022729931
0.942,-0.024138323,,,,,21776,,,,0.024138323
0.944,-0.025603402,,,,,21777,,,,0.025603402
0.946,-0.027120089,,,,,21778,,,,0.027120089
0.948,-0.028680801,,,,,21779,,,,0.028680801
0.95,-0.030275474,,,,,21780,,,,0.030275474
0.952,-0.031892634,,,,,21781,,,,0.031892634
0.954,-0.033520936,,,,,21782,,,,0.033520936
0.956,-0.035150086,,,,,21783,,,,0.035150086
0.958,-0.036770784,,,,,21784,,,,0.036770784
0.96,-0.038374066,,,,,21785,,,,0.038374066
0.962,-0.039950737,,,,,21786,,,,0.039950737
0.964,-0.041491269,,,,,21787,,,,0.041491269
0.966,-0.042986047,,,,,21788,,,,0.042986047
0.968,-0.044425818,,,,,21789,,,,0.044425818
0.97,-0.045802483,,,,,21790,,,,0.045802483
0.972,-0.047109936,,,,,21791,,,,0.047109936
0.974,-0.048344365,,,,,21792,,,,0.048344365
0.976,-0.049504165,,,,,21793,,,,0.049504165
0.978,-0.050590023,,,,,21794,,,,0.050590023
0.98,-0.051605083,,,,,21795,,,,0.051605083
0.982,-0.052554758,,,,,21796,,,,0.052554758
0.984,-0.05344646,,,,,21797,,,,0.05344646
0.986,-0.054289622,,,,,21798,,,,0.054289622
0.988,-0.055095742,,,,,21799,,,,0.055095742
0.99,-0.055878159,,,,,21800,,,,0.055878159
0.992,-0.056651649,,,,,21801,,,,0.056651649
0.994,-0.057431959,,,,,21802,,,,0.057431959
0.996,-0.058235206,,,,,21803,,,,0.058235206
0.998,-0.059076907,,,,,21804,,,,0.059076907
1,-0.059970688,,,,,21805,,,,0.059970688
1.002,-0.060927054,,,,,21806,,,,0.060927054
1.004,-0.061952562,,,,,21807,,,,0.061952562
1.006,-0.063049544,,,,,21808,,,,0.063049544
1.008,-0.064216349,,,,,21809,,,,0.064216349
1.01,-0.065447839,,,,,21810,,,,0.065447839
1.012,-0.066735949,,,,,21811,,,,0.066735949
1.014,-0.068070341,,,,,21812,,,,0.068070341
1.016,-0.069439055,,,,,21813,,,,0.069439055
1.018,-0.070828941,,,,,21814,,,,0.070828941
1.02,-0.072225968,,,,,21815,,,,0.072225968
1.022,-0.07361567,,,,,21816,,,,0.07361567
1.024,-0.074983624,,,,,21817,,,,0.074983624
1.026,-0.076315985,,,,,21818,,,,0.076315985
1.028,-0.077600208,,,,,21819,,,,0.077600208
1.03,-0.078825456,,,,,21820,,,,0.078825456
1.032,-0.079982244,,,,,21821,,,,0.079982244
1.034,-0.081061814,,,,,21822,,,,0.081061814
1.036,-0.082055743,,,,,21823,,,,0.082055743
1.038,-0.082955859,,,,,21824,,,,0.082955859
1.04,-0.083754296,,,,,21825,,,,0.083754296
1.042,-0.08444351,,,,,21826,,,,0.08444351
1.044,-0.085016288,,,,,21827,,,,0.085016288
1.046,-0.085466231,,,,,21828,,,,0.085466231
1.048,-0.085788729,,,,,21829,,,,0.085788729
1.05,-0.085981901,,,,,21830,,,,0.085981901
1.052,-0.086047014,,,,,21831,,,,0.086047014
1.054,-0.085988443,,,,,21832,,,,0.085988443
1.056,-0.085813432,,,,,21833,,,,0.085813432
1.058,-0.085531753,,,,,21834,,,,0.085531753
1.06,-0.085155021,,,,,21835,,,,0.085155021
1.062,-0.084695559,,,,,21836,,,,0.084695559
1.064,-0.084165272,,,,,21837,,,,0.084165272
1.066,-0.083574898,,,,,21838,,,,0.083574898
1.068,-0.08293372,,,,,21839,,,,0.08293372
1.07,-0.082249749,,,,,21840,,,,0.082249749
1.072,-0.081529979,,,,,21841,,,,0.081529979
1.074,-0.080779901,,,,,21842,,,,0.080779901
1.076,-0.080002178,,,,,21843,,,,0.080002178
1.078,-0.07919544,,,,,21844,,,,0.07919544
1.08,-0.078354199,,,,,21845,,,,0.078354199
1.082,-0.077470063,,,,,21846,,,,0.077470063
1.084,-0.076533744,,,,,21847,,,,0.076533744
1.086,-0.075536959,,,,,21848,,,,0.075536959
1.088,-0.074473781,,,,,21849,,,,0.074473781
1.09,-0.07334195,,,,,21850,,,,0.07334195
1.092,-0.072144233,,,,,21851,,,,0.072144233
1.094,-0.070888956,,,,,21852,,,,0.070888956
1.096,-0.069589399,,,,,21853,,,,0.069589399
1.098,-0.06826247,,,,,21854,,,,0.06826247
1.1,-0.066926958,,,,,21855,,,,0.066926958
1.102,-0.065601778,,,,,21856,,,,0.065601778
1.104,-0.064304878,,,,,21857,,,,0.064304878
1.106,-0.063052974,,,,,21858,,,,0.063052974
1.108,-0.061861531,,,,,21859,,,,0.061861531
1.11,-0.060744657,,,,,21860,,,,0.060744657
1.112,-0.059715009,,,,,21861,,,,0.059715009
1.114,-0.058783749,,,,,21862,,,,0.058783749
1.116,-0.057960296,,,,,21863,,,,0.057960296
1.118,-0.057251839,,,,,21864,,,,0.057251839
1.12,-0.056662958,,,,,21865,,,,0.056662958
1.122,-0.056195636,,,,,21866,,,,0.056195636
1.124,-0.0558496,,,,,21867,,,,0.0558496
1.126,-0.055623113,,,,,21868,,,,0.055623113
1.128,-0.055514049,,,,,21869,,,,0.055514049
1.13,-0.055520345,,,,,21870,,,,0.055520345
1.132,-0.055639508,,,,,21871,,,,0.055639508
1.134,-0.055868138,,,,,21872,,,,0.055868138
1.136,-0.056201973,,,,,21873,,,,0.056201973
1.138,-0.056635993,,,,,21874,,,,0.056635993
1.14,-0.057164571,,,,,21875,,,,0.057164571
1.142,-0.057781985,,,,,21876,,,,0.057781985
1.144,-0.05848285,,,,,21877,,,,0.05848285
1.146,-0.059262146,,,,,21878,,,,0.059262146
1.148,-0.060115041,,,,,21879,,,,0.060115041
1.15,-0.06103655,,,,,21880,,,,0.06103655
1.152,-0.06202103,,,,,21881,,,,0.06202103
1.154,-0.063061858,,,,,21882,,,,0.063061858
1.156,-0.06415155,,,,,21883,,,,0.06415155
1.158,-0.065282064,,,,,21884,,,,0.065282064
1.16,-0.066445122,,,,,21885,,,,0.066445122
1.162,-0.067632592,,,,,21886,,,,0.067632592
1.164,-0.068837123,,,,,21887,,,,0.068837123
1.166,-0.070053156,,,,,21888,,,,0.070053156
1.168,-0.071277829,,,,,21889,,,,0.071277829
1.17,-0.07251094,,,,,21890,,,,0.07251094
1.172,-0.073754083,,,,,21891,,,,0.073754083
1.174,-0.075009756,,,,,21892,,,,0.075009756
1.176,-0.076280833,,,,,21893,,,,0.076280833
1.178,-0.077569993,,,,,21894,,,,0.077569993
1.18,-0.078878679,,,,,21895,,,,0.078878679
1.182,-0.080206067,,,,,21896,,,,0.080206067
1.184,-0.081549041,,,,,21897,,,,0.081549041
1.186,-0.082902871,,,,,21898,,,,0.082902871
1.188,-0.084261314,,,,,21899,,,,0.084261314
1.19,-0.085616187,,,,,21900,,,,0.085616187
1.192,-0.086957402,,,,,21901,,,,0.086957402
1.194,-0.088273446,,,,,21902,,,,0.088273446
1.196,-0.089551896,,,,,21903,,,,0.089551896
1.198,-0.090779962,,,,,21904,,,,0.090779962
1.2,-0.091944625,,,,,21905,,,,0.091944625
1.202,-0.093032141,,,,,21906,,,,0.093032141
1.204,-0.094027983,,,,,21907,,,,0.094027983
1.206,-0.094917798,,,,,21908,,,,0.094917798
1.208,-0.095688227,,,,,21909,,,,0.095688227
1.21,-0.096326615,,,,,21910,,,,0.096326615
1.212,-0.09682026,,,,,21911,,,,0.09682026
1.214,-0.097156046,,,,,21912,,,,0.097156046
1.216,-0.097320555,,,,,21913,,,,0.097320555
1.218,-0.097300518,,,,,21914,,,,0.097300518
1.22,-0.097083282,,,,,21915,,,,0.097083282
1.222,-0.096657038,,,,,21916,,,,0.096657038
1.224,-0.096010875,,,,,21917,,,,0.096010875
1.226,-0.09513457,,,,,21918,,,,0.09513457
1.228,-0.094018119,,,,,21919,,,,0.094018119
1.23,-0.092651522,,,,,21920,,,,0.092651522
1.232,-0.091025153,,,,,21921,,,,0.091025153
1.234,-0.089130385,,,,,21922,,,,0.089130385
1.236,-0.086959896,,,,,21923,,,,0.086959896
1.238,-0.08450741,,,,,21924,,,,0.08450741
1.24,-0.08176717,,,,,21925,,,,0.08176717
1.242,-0.078733556,,,,,21926,,,,0.078733556
1.244,-0.075400822,,,,,21927,,,,0.075400822
1.246,-0.07176297,,,,,21928,,,,0.07176297
1.248,-0.067814124,,,,,21929,,,,0.067814124
1.25,-0.063549314,,,,,21930,,,,0.063549314
1.252,-0.058965176,,,,,21931,,,,0.058965176
1.254,-0.054060527,,,,,21932,,,,0.054060527
1.256,-0.048837025,,,,,21933,,,,0.048837025
1.258,-0.04329974,,,,,21934,,,,0.04329974
1.26,-0.037457649,,,,,21935,,,,0.037457649
1.262,-0.031324366,,,,,21936,,,,0.031324366
1.264,-0.024918807,,,,,21937,,,,0.024918807
1.266,-0.018265464,,,,,21938,,,,0.018265464
1.268,-0.011394398,,,,,21939,,,,0.011394398
1.27,-0.004340932,,,,,21940,,,,0.004340932
1.272,0.002855046,,,,,21941,,,,-0.002855046
1.274,0.010149796,,,,,21942,,,,-0.010149796
1.276,0.017496084,,,,,21943,,,,-0.017496084
1.278,0.024843749,,,,,21944,,,,-0.024843749
1.28,0.032141191,,,,,21945,,,,-0.032141191
1.282,0.039337501,,,,,21946,,,,-0.039337501
1.284,0.046384381,,,,,21947,,,,-0.046384381
1.286,0.053237341,,,,,21948,,,,-0.053237341
1.288,0.059856109,,,,,21949,,,,-0.059856109
1.29,0.066204457,,,,,21950,,,,-0.066204457
1.292,0.072249645,,,,,21951,,,,-0.072249645
1.294,0.07796195,,,,,21952,,,,-0.07796195
1.296,0.083314677,,,,,21953,,,,-0.083314677
1.298,0.088284585,,,,,21954,,,,-0.088284585
1.3,0.092852387,,,,,21955,,,,-0.092852387
1.302,0.097003015,,,,,21956,,,,-0.097003015
1.304,0.10072556,,,,,21957,,,,-0.10072556
1.306,0.104013295,,,,,21958,,,,-0.104013295
1.308,0.106864072,,,,,21959,,,,-0.106864072
1.31,0.109280673,,,,,21960,,,,-0.109280673
1.312,0.11127084,,,,,21961,,,,-0.11127084
1.314,0.112847337,,,,,21962,,,,-0.112847337
1.316,0.114027808,,,,,21963,,,,-0.114027808
1.318,0.114834075,,,,,21964,,,,-0.114834075
1.32,0.115291775,,,,,21965,,,,-0.115291775
1.322,0.115430942,,,,,21966,,,,-0.115430942
1.324,0.115286331,,,,,21967,,,,-0.115286331
1.326,0.114896425,,,,,21968,,,,-0.114896425
1.328,0.114301584,,,,,21969,,,,-0.114301584
1.33,0.113541882,,,,,21970,,,,-0.113541882
1.332,0.112654742,,,,,21971,,,,-0.112654742
1.334,0.111672666,,,,,21972,,,,-0.111672666
1.336,0.11062172,,,,,21973,,,,-0.11062172
1.338,0.109521377,,,,,21974,,,,-0.109521377
1.34,0.108385516,,,,,21975,,,,-0.108385516
1.342,0.107223581,,,,,21976,,,,-0.107223581
1.344,0.106041558,,,,,21977,,,,-0.106041558
1.346,0.104842866,,,,,21978,,,,-0.104842866
1.348,0.103628825,,,,,21979,,,,-0.103628825
1.35,0.102398852,,,,,21980,,,,-0.102398852
1.352,0.101151129,,,,,21981,,,,-0.101151129
1.354,0.09988369,,,,,21982,,,,-0.09988369
1.356,0.098595337,,,,,21983,,,,-0.098595337
1.358,0.097286049,,,,,21984,,,,-0.097286049
1.36,0.09595664,,,,,21985,,,,-0.09595664
1.362,0.094607996,,,,,21986,,,,-0.094607996
1.364,0.093240653,,,,,21987,,,,-0.093240653
1.366,0.091854854,,,,,21988,,,,-0.091854854
1.368,0.090450662,,,,,21989,,,,-0.090450662
1.37,0.089028269,,,,,21990,,,,-0.089028269
1.372,0.087588477,,,,,21991,,,,-0.087588477
1.374,0.086132615,,,,,21992,,,,-0.086132615
1.376,0.084661924,,,,,21993,,,,-0.084661924
1.378,0.083177437,,,,,21994,,,,-0.083177437
1.38,0.081680556,,,,,21995,,,,-0.081680556
1.382,0.080173521,,,,,21996,,,,-0.080173521
1.384,0.078659291,,,,,21997,,,,-0.078659291
1.386,0.077140791,,,,,21998,,,,-0.077140791
1.388,0.075619952,,,,,21999,,,,-0.075619952
1.39,0.074097289,,,,,22000,,,,-0.074097289
1.392,0.07257219,,,,,22001,,,,-0.07257219
1.394,0.07104325,,,,,22002,,,,-0.07104325
1.396,0.069508328,,,,,22003,,,,-0.069508328
1.398,0.067964719,,,,,22004,,,,-0.067964719
1.4,0.066409571,,,,,22005,,,,-0.066409571
1.402,0.064840055,,,,,22006,,,,-0.064840055
1.404,0.063252809,,,,,22007,,,,-0.063252809
1.406,0.061642841,,,,,22008,,,,-0.061642841
1.408,0.060002503,,,,,22009,,,,-0.060002503
1.41,0.058320669,,,,,22010,,,,-0.058320669
1.412,0.056582229,,,,,22011,,,,-0.056582229
1.414,0.054768552,,,,,22012,,,,-0.054768552
1.416,0.052858975,,,,,22013,,,,-0.052858975
1.418,0.050832578,,,,,22014,,,,-0.050832578
1.42,0.048670034,,,,,22015,,,,-0.048670034
1.422,0.04635551,,,,,22016,,,,-0.04635551
1.424,0.043877857,,,,,22017,,,,-0.043877857
1.426,0.041230505,,,,,22018,,,,-0.041230505
1.428,0.038410666,,,,,22019,,,,-0.038410666
1.43,0.035418535,,,,,22020,,,,-0.035418535
1.432,0.032256698,,,,,22021,,,,-0.032256698
1.434,0.028930023,,,,,22022,,,,-0.028930023
1.436,0.025445776,,,,,22023,,,,-0.025445776
1.438,0.021813536,,,,,22024,,,,-0.021813536
1.44,0.018045249,,,,,22025,,,,-0.018045249
1.442,0.014155677,,,,,22026,,,,-0.014155677
1.444,0.010162811,,,,,22027,,,,-0.010162811
1.446,0.006087986,,,,,22028,,,,-0.006087986
1.448,0.001955768,,,,,22029,,,,-0.001955768
1.45,-0.002206328,,,,,22030,,,,0.002206328
1.452,-0.006368167,,,,,22031,,,,0.006368167
1.454,-0.010497596,,,,,22032,,,,0.010497596
1.456,-0.014561515,,,,,22033,,,,0.014561515
1.458,-0.018526913,,,,,22034,,,,0.018526913
1.46,-0.022361654,,,,,22035,,,,0.022361654
1.462,-0.026035367,,,,,22036,,,,0.026035367
1.464,-0.029520435,,,,,22037,,,,0.029520435
1.466,-0.03279285,,,,,22038,,,,0.03279285
1.468,-0.035832864,,,,,22039,,,,0.035832864
1.47,-0.038625245,,,,,22040,,,,0.038625245
1.472,-0.041159056,,,,,22041,,,,0.041159056
1.474,-0.043427559,,,,,22042,,,,0.043427559
1.476,-0.045428431,,,,,22043,,,,0.045428431
1.478,-0.047163555,,,,,22044,,,,0.047163555
1.48,-0.048638181,,,,,22045,,,,0.048638181
1.482,-0.04986018,,,,,22046,,,,0.04986018
1.484,-0.050839789,,,,,22047,,,,0.050839789
1.486,-0.051589479,,,,,22048,,,,0.051589479
1.488,-0.052123742,,,,,22049,,,,0.052123742
1.49,-0.052458687,,,,,22050,,,,0.052458687
1.492,-0.052611303,,,,,22051,,,,0.052611303
1.494,-0.052598459,,,,,22052,,,,0.052598459
1.496,-0.052435899,,,,,22053,,,,0.052435899
1.498,-0.052137376,,,,,22054,,,,0.052137376
1.5,-0.051714012,,,,,22055,,,,0.051714012
1.502,-0.051174013,,,,,22056,,,,0.051174013
1.504,-0.050522892,,,,,22057,,,,0.050522892
1.506,-0.049764161,,,,,22058,,,,0.049764161
1.508,-0.048900274,,,,,22059,,,,0.048900274
1.51,-0.047933575,,,,,22060,,,,0.047933575
1.512,-0.04686702,,,,,22061,,,,0.04686702
1.514,-0.045704553,,,,,22062,,,,0.045704553
1.516,-0.044451326,,,,,22063,,,,0.044451326
1.518,-0.043114067,,,,,22064,,,,0.043114067
1.52,-0.041701383,,,,,22065,,,,0.041701383
1.522,-0.04022366,,,,,22066,,,,0.04022366
1.524,-0.038692915,,,,,22067,,,,0.038692915
1.526,-0.037122712,,,,,22068,,,,0.037122712
1.528,-0.035527794,,,,,22069,,,,0.035527794
1.53,-0.033923571,,,,,22070,,,,0.033923571
1.532,-0.032325666,,,,,22071,,,,0.032325666
1.534,-0.030749518,,,,,22072,,,,0.030749518
1.536,-0.029210411,,,,,22073,,,,0.029210411
1.538,-0.02772406,,,,,22074,,,,0.02772406
1.54,-0.026306953,,,,,22075,,,,0.026306953
1.542,-0.024975905,,,,,22076,,,,0.024975905
1.544,-0.023747344,,,,,22077,,,,0.023747344
1.546,-0.022636807,,,,,22078,,,,0.022636807
1.548,-0.021658405,,,,,22079,,,,0.021658405
1.55,-0.02082417,,,,,22080,,,,0.02082417
1.552,-0.02014337,,,,,22081,,,,0.02014337
1.554,-0.019621686,,,,,22082,,,,0.019621686
1.556,-0.019260431,,,,,22083,,,,0.019260431
1.558,-0.019056126,,,,,22084,,,,0.019056126
1.56,-0.019000479,,,,,22085,,,,0.019000479
1.562,-0.019080695,,,,,22086,,,,0.019080695
1.564,-0.019279807,,,,,22087,,,,0.019279807
1.566,-0.01957701,,,,,22088,,,,0.01957701
1.568,-0.019948591,,,,,22089,,,,0.019948591
1.57,-0.020369329,,,,,22090,,,,0.020369329
1.572,-0.020813444,,,,,22091,,,,0.020813444
1.574,-0.021254965,,,,,22092,,,,0.021254965
1.576,-0.021668292,,,,,22093,,,,0.021668292
1.578,-0.022029396,,,,,22094,,,,0.022029396
1.58,-0.022317441,,,,,22095,,,,0.022317441
1.582,-0.022516061,,,,,22096,,,,0.022516061
1.584,-0.022613439,,,,,22097,,,,0.022613439
1.586,-0.022601635,,,,,22098,,,,0.022601635
1.588,-0.022476245,,,,,22099,,,,0.022476245
1.59,-0.022236382,,,,,22100,,,,0.022236382
1.592,-0.021884067,,,,,22101,,,,0.021884067
1.594,-0.021422915,,,,,22102,,,,0.021422915
1.596,-0.020856772,,,,,22103,,,,0.020856772
1.598,-0.020188762,,,,,22104,,,,0.020188762
1.6,-0.019421186,,,,,22105,,,,0.019421186
1.602,-0.018556352,,,,,22106,,,,0.018556352
1.604,-0.017597437,,,,,22107,,,,0.017597437
1.606,-0.016548576,,,,,22108,,,,0.016548576
1.608,-0.015414761,,,,,22109,,,,0.015414761
1.61,-0.014202111,,,,,22110,,,,0.014202111
1.612,-0.012917933,,,,,22111,,,,0.012917933
1.614,-0.011570221,,,,,22112,,,,0.011570221
1.616,-0.010167324,,,,,22113,,,,0.010167324
1.618,-0.008718368,,,,,22114,,,,0.008718368
1.62,-0.007233828,,,,,22115,,,,0.007233828
1.622,-0.005725383,,,,,22116,,,,0.005725383
1.624,-0.00420515,,,,,22117,,,,0.00420515
1.626,-0.002684949,,,,,22118,,,,0.002684949
1.628,-0.001176129,,,,,22119,,,,0.001176129
1.63,0.000310047,,,,,22120,,,,-0.000310047
1.632,0.001761997,,,,,22121,,,,-0.001761997
1.634,0.003168049,,,,,22122,,,,-0.003168049
1.636,0.004517207,,,,,22123,,,,-0.004517207
1.638,0.005799788,,,,,22124,,,,-0.005799788
1.64,0.007007634,,,,,22125,,,,-0.007007634
1.642,0.008133959,,,,,22126,,,,-0.008133959
1.644,0.009172789,,,,,22127,,,,-0.009172789
1.646,0.010118146,,,,,22128,,,,-0.010118146
1.648,0.010963383,,,,,22129,,,,-0.010963383
1.65,0.011700717,,,,,22130,,,,-0.011700717
1.652,0.012320698,,,,,22131,,,,-0.012320698
1.654,0.012811815,,,,,22132,,,,-0.012811815
1.656,0.013160578,,,,,22133,,,,-0.013160578
1.658,0.013352206,,,,,22134,,,,-0.013352206
1.66,0.013371924,,,,,22135,,,,-0.013371924
1.662,0.013206506,,,,,22136,,,,-0.013206506
1.664,0.012845561,,,,,22137,,,,-0.012845561
1.666,0.012282481,,,,,22138,,,,-0.012282481
1.668,0.011515181,,,,,22139,,,,-0.011515181
1.67,0.010546554,,,,,22140,,,,-0.010546554
1.672,0.009384382,,,,,22141,,,,-0.009384382
1.674,0.008040829,,,,,22142,,,,-0.008040829
1.676,0.006532075,,,,,22143,,,,-0.006532075
1.678,0.004878329,,,,,22144,,,,-0.004878329
1.68,0.003103644,,,,,22145,,,,-0.003103644
1.682,0.001235084,,,,,22146,,,,-0.001235084
1.684,-0.000698314,,,,,22147,,,,0.000698314
1.686,-0.002666222,,,,,22148,,,,0.002666222
1.688,-0.004637605,,,,,22149,,,,0.004637605
1.69,-0.006581557,,,,,22150,,,,0.006581557
1.692,-0.008468427,,,,,22151,,,,0.008468427
1.694,-0.01027092,,,,,22152,,,,0.01027092
1.696,-0.011964614,,,,,22153,,,,0.011964614
1.698,-0.013527663,,,,,22154,,,,0.013527663
1.7,-0.014940277,,,,,22155,,,,0.014940277
1.702,-0.016184848,,,,,22156,,,,0.016184848
1.704,-0.017246713,,,,,22157,,,,0.017246713
1.706,-0.018115009,,,,,22158,,,,0.018115009
1.708,-0.018783159,,,,,22159,,,,0.018783159
1.71,-0.019248574,,,,,22160,,,,0.019248574
1.712,-0.019511932,,,,,22161,,,,0.019511932
1.714,-0.019577163,,,,,22162,,,,0.019577163
1.716,-0.01945206,,,,,22163,,,,0.01945206
1.718,-0.0191485,,,,,22164,,,,0.0191485
1.72,-0.018682044,,,,,22165,,,,0.018682044
1.722,-0.018071425,,,,,22166,,,,0.018071425
1.724,-0.017337989,,,,,22167,,,,0.017337989
1.726,-0.016504815,,,,,22168,,,,0.016504815
1.728,-0.015595261,,,,,22169,,,,0.015595261
1.73,-0.014631076,,,,,22170,,,,0.014631076
1.732,-0.013630732,,,,,22171,,,,0.013630732
1.734,-0.012608536,,,,,22172,,,,0.012608536
1.736,-0.011574555,,,,,22173,,,,0.011574555
1.738,-0.010535266,,,,,22174,,,,0.010535266
1.74,-0.009494472,,,,,22175,,,,0.009494472
1.742,-0.008453815,,,,,22176,,,,0.008453815
1.744,-0.007413009,,,,,22177,,,,0.007413009
1.746,-0.006370105,,,,,22178,,,,0.006370105
1.748,-0.005321654,,,,,22179,,,,0.005321654
1.75,-0.004262914,,,,,22180,,,,0.004262914
1.752,-0.003188397,,,,,22181,,,,0.003188397
1.754,-0.002092403,,,,,22182,,,,0.002092403
1.756,-0.000969494,,,,,22183,,,,0.000969494
1.758,0.000184719,,,,,22184,,,,-0.000184719
1.76,0.001373006,,,,,22185,,,,-0.001373006
1.762,0.002596696,,,,,22186,,,,-0.002596696
1.764,0.003855766,,,,,22187,,,,-0.003855766
1.766,0.005148236,,,,,22188,,,,-0.005148236
1.768,0.006469603,,,,,22189,,,,-0.006469603
1.77,0.007812775,,,,,22190,,,,-0.007812775
1.772,0.009168199,,,,,22191,,,,-0.009168199
1.774,0.010524103,,,,,22192,,,,-0.010524103
1.776,0.011866938,,,,,22193,,,,-0.011866938
1.778,0.013181908,,,,,22194,,,,-0.013181908
1.78,0.014453423,,,,,22195,,,,-0.014453423
1.782,0.015665454,,,,,22196,,,,-0.015665454
1.784,0.016801945,,,,,22197,,,,-0.016801945
1.786,0.017847408,,,,,22198,,,,-0.017847408
1.788,0.018787367,,,,,22199,,,,-0.018787367
1.79,0.019608488,,,,,22200,,,,-0.019608488
1.792,0.020298649,,,,,22201,,,,-0.020298649
1.794,0.020847229,,,,,22202,,,,-0.020847229
1.796,0.021245714,,,,,22203,,,,-0.021245714
1.798,0.021488546,,,,,22204,,,,-0.021488546
1.8,0.021573871,,,,,22205,,,,-0.021573871
1.802,0.021503648,,,,,22206,,,,-0.021503648
1.804,0.021283245,,,,,22207,,,,-0.021283245
1.806,0.020921229,,,,,22208,,,,-0.020921229
1.808,0.020429749,,,,,22209,,,,-0.020429749
1.81,0.019825174,,,,,22210,,,,-0.019825174
1.812,0.019128112,,,,,22211,,,,-0.019128112
1.814,0.018362423,,,,,22212,,,,-0.018362423
1.816,0.017553972,,,,,22213,,,,-0.017553972
1.818,0.016729598,,,,,22214,,,,-0.016729598
1.82,0.015915592,,,,,22215,,,,-0.015915592
1.822,0.015135413,,,,,22216,,,,-0.015135413
1.824,0.014407866,,,,,22217,,,,-0.014407866
1.826,0.01374674,,,,,22218,,,,-0.01374674
1.828,0.013161648,,,,,22219,,,,-0.013161648
1.83,0.012659494,,,,,22220,,,,-0.012659494
1.832,0.012245913,,,,,22221,,,,-0.012245913
1.834,0.011926157,,,,,22222,,,,-0.011926157
1.836,0.011705417,,,,,22223,,,,-0.011705417
1.838,0.011589043,,,,,22224,,,,-0.011589043
1.84,0.01158272,,,,,22225,,,,-0.01158272
1.842,0.011692353,,,,,22226,,,,-0.011692353
1.844,0.011923623,,,,,22227,,,,-0.011923623
1.846,0.012281693,,,,,22228,,,,-0.012281693
1.848,0.012771333,,,,,22229,,,,-0.012771333
1.85,0.013397224,,,,,22230,,,,-0.013397224
1.852,0.014164151,,,,,22231,,,,-0.014164151
1.854,0.015077162,,,,,22232,,,,-0.015077162
1.856,0.01614167,,,,,22233,,,,-0.01614167
1.858,0.017363366,,,,,22234,,,,-0.017363366
1.86,0.018748352,,,,,22235,,,,-0.018748352
1.862,0.020303717,,,,,22236,,,,-0.020303717
1.864,0.022037927,,,,,22237,,,,-0.022037927
1.866,0.023960813,,,,,22238,,,,-0.023960813
1.868,0.026083467,,,,,22239,,,,-0.026083467
1.87,0.028417762,,,,,22240,,,,-0.028417762
1.872,0.030975258,,,,,22241,,,,-0.030975258
1.874,0.033766237,,,,,22242,,,,-0.033766237
1.876,0.036799451,,,,,22243,,,,-0.036799451
1.878,0.04008236,,,,,22244,,,,-0.04008236
1.88,0.043621571,,,,,22245,,,,-0.043621571
1.882,0.047423101,,,,,22246,,,,-0.047423101
1.884,0.051492218,,,,,22247,,,,-0.051492218
1.886,0.05583295,,,,,22248,,,,-0.05583295
1.888,0.060447384,,,,,22249,,,,-0.060447384
1.89,0.06533484,,,,,22250,,,,-0.06533484
1.892,0.070490975,,,,,22251,,,,-0.070490975
1.894,0.075906586,,,,,22252,,,,-0.075906586
1.896,0.081566201,,,,,22253,,,,-0.081566201
1.898,0.087447169,,,,,22254,,,,-0.087447169
1.9,0.093519864,,,,,22255,,,,-0.093519864
1.902,0.099748992,,,,,22256,,,,-0.099748992
1.904,0.106095507,,,,,22257,,,,-0.106095507
1.906,0.112518429,,,,,22258,,,,-0.112518429
1.908,0.118976279,,,,,22259,,,,-0.118976279
1.91,0.125428416,,,,,22260,,,,-0.125428416
1.912,0.13183634,,,,,22261,,,,-0.13183634
1.914,0.138164304,,,,,22262,,,,-0.138164304
1.916,0.144379071,,,,,22263,,,,-0.144379071
1.918,0.150449814,,,,,22264,,,,-0.150449814
1.92,0.156348644,,,,,22265,,,,-0.156348644
1.922,0.162051228,,,,,22266,,,,-0.162051228
1.924,0.167537023,,,,,22267,,,,-0.167537023
1.926,0.172789219,,,,,22268,,,,-0.172789219
1.928,0.177794417,,,,,22269,,,,-0.177794417
1.93,0.182542164,,,,,22270,,,,-0.182542164
1.932,0.187024593,,,,,22271,,,,-0.187024593
1.934,0.191236133,,,,,22272,,,,-0.191236133
1.936,0.195173293,,,,,22273,,,,-0.195173293
1.938,0.198834875,,,,,22274,,,,-0.198834875
1.94,0.202222466,,,,,22275,,,,-0.202222466
1.942,0.205340817,,,,,22276,,,,-0.205340817
1.944,0.208198008,,,,,22277,,,,-0.208198008
1.946,0.210805238,,,,,22278,,,,-0.210805238
1.948,0.213175949,,,,,22279,,,,-0.213175949
1.95,0.215324677,,,,,22280,,,,-0.215324677
1.952,0.217266599,,,,,22281,,,,-0.217266599
1.954,0.219017686,,,,,22282,,,,-0.219017686
1.956,0.220594339,,,,,22283,,,,-0.220594339
1.958,0.222012278,,,,,22284,,,,-0.222012278
1.96,0.223285604,,,,,22285,,,,-0.223285604
1.962,0.224426403,,,,,22286,,,,-0.224426403
1.964,0.225444418,,,,,22287,,,,-0.225444418
1.966,0.226346873,,,,,22288,,,,-0.226346873
1.968,0.227138794,,,,,22289,,,,-0.227138794
1.97,0.227823617,,,,,22290,,,,-0.227823617
1.972,0.228403748,,,,,22291,,,,-0.228403748
1.974,0.228881053,,,,,22292,,,,-0.228881053
1.976,0.229257252,,,,,22293,,,,-0.229257252
1.978,0.229534224,,,,,22294,,,,-0.229534224
1.98,0.229714517,,,,,22295,,,,-0.229714517
1.982,0.229802244,,,,,22296,,,,-0.229802244
1.984,0.229803781,,,,,22297,,,,-0.229803781
1.986,0.229727935,,,,,22298,,,,-0.229727935
1.988,0.229585873,,,,,22299,,,,-0.229585873
1.99,0.229390763,,,,,22300,,,,-0.229390763
1.992,0.229156894,,,,,22301,,,,-0.229156894
1.994,0.228898629,,,,,22302,,,,-0.228898629
1.996,0.22862944,,,,,22303,,,,-0.22862944
1.998,0.228360889,,,,,22304,,,,-0.228360889
2,0.22810185,,,,,22305,,,,-0.22810185
2.002,0.22785843,,,,,22306,,,,-0.22785843
2.004,0.227634501,,,,,22307,,,,-0.227634501
2.006,0.227432261,,,,,22308,,,,-0.227432261
2.008,0.227252241,,,,,22309,,,,-0.227252241
2.01,0.227092755,,,,,22310,,,,-0.227092755
2.012,0.22694937,,,,,22311,,,,-0.22694937
2.014,0.226815044,,,,,22312,,,,-0.226815044
2.016,0.226681003,,,,,22313,,,,-0.226681003
2.018,0.226537966,,,,,22314,,,,-0.226537966
2.02,0.226376976,,,,,22315,,,,-0.226376976
2.022,0.226189313,,,,,22316,,,,-0.226189313
2.024,0.225965804,,,,,22317,,,,-0.225965804
2.026,0.225696072,,,,,22318,,,,-0.225696072
2.028,0.225368011,,,,,22319,,,,-0.225368011
2.03,0.224967771,,,,,22320,,,,-0.224967771
2.032,0.224480253,,,,,22321,,,,-0.224480253
2.034,0.223889626,,,,,22322,,,,-0.223889626
2.036,0.223179768,,,,,22323,,,,-0.223179768
2.038,0.222334895,,,,,22324,,,,-0.222334895
2.04,0.221340359,,,,,22325,,,,-0.221340359
2.042,0.220183486,,,,,22326,,,,-0.220183486
2.044,0.218854384,,,,,22327,,,,-0.218854384
2.046,0.217346211,,,,,22328,,,,-0.217346211
2.048,0.215654696,,,,,22329,,,,-0.215654696
2.05,0.213777974,,,,,22330,,,,-0.213777974
2.052,0.211717586,,,,,22331,,,,-0.211717586
2.054,0.209479737,,,,,22332,,,,-0.209479737
2.056,0.207075282,,,,,22333,,,,-0.207075282
2.058,0.20451835,,,,,22334,,,,-0.20451835
2.06,0.201824661,,,,,22335,,,,-0.201824661
2.062,0.19900998,,,,,22336,,,,-0.19900998
2.064,0.196088474,,,,,22337,,,,-0.196088474
2.066,0.193071125,,,,,22338,,,,-0.193071125
2.068,0.18996484,,,,,22339,,,,-0.18996484
2.07,0.186772578,,,,,22340,,,,-0.186772578
2.072,0.183494281,,,,,22341,,,,-0.183494281
2.074,0.180128057,,,,,22342,,,,-0.180128057
2.076,0.176671225,,,,,22343,,,,-0.176671225
2.078,0.173121205,,,,,22344,,,,-0.173121205
2.08,0.169476394,,,,,22345,,,,-0.169476394
2.082,0.165736909,,,,,22346,,,,-0.165736909
2.084,0.161905093,,,,,22347,,,,-0.161905093
2.086,0.157985995,,,,,22348,,,,-0.157985995
2.088,0.153987725,,,,,22349,,,,-0.153987725
2.09,0.149921048,,,,,22350,,,,-0.149921048
2.092,0.145798511,,,,,22351,,,,-0.145798511
2.094,0.141634089,,,,,22352,,,,-0.141634089
2.096,0.137443231,,,,,22353,,,,-0.137443231
2.098,0.133242464,,,,,22354,,,,-0.133242464
2.1,0.129048817,,,,,22355,,,,-0.129048817
2.102,0.124879711,,,,,22356,,,,-0.124879711
2.104,0.120752951,,,,,22357,,,,-0.120752951
2.106,0.116686237,,,,,22358,,,,-0.116686237
2.108,0.11269611,,,,,22359,,,,-0.11269611
2.11,0.108796878,,,,,22360,,,,-0.108796878
2.112,0.105000221,,,,,22361,,,,-0.105000221
2.114,0.101315416,,,,,22362,,,,-0.101315416
2.116,0.097749377,,,,,22363,,,,-0.097749377
2.118,0.094306297,,,,,22364,,,,-0.094306297
2.12,0.09098748,,,,,22365,,,,-0.09098748
2.122,0.08779178,,,,,22366,,,,-0.08779178
2.124,0.084716502,,,,,22367,,,,-0.084716502
2.126,0.081758136,,,,,22368,,,,-0.081758136
2.128,0.078912313,,,,,22369,,,,-0.078912313
2.13,0.076173262,,,,,22370,,,,-0.076173262
2.132,0.07353366,,,,,22371,,,,-0.07353366
2.134,0.070984868,,,,,22372,,,,-0.070984868
2.136,0.068516995,,,,,22373,,,,-0.068516995
2.138,0.066118666,,,,,22374,,,,-0.066118666
2.14,0.063776698,,,,,22375,,,,-0.063776698
2.142,0.0614758,,,,,22376,,,,-0.0614758
2.144,0.05919867,,,,,22377,,,,-0.05919867
2.146,0.056926691,,,,,22378,,,,-0.056926691
2.148,0.054640945,,,,,22379,,,,-0.054640945
2.15,0.052323304,,,,,22380,,,,-0.052323304
2.152,0.049957737,,,,,22381,,,,-0.049957737
2.154,0.047531849,,,,,22382,,,,-0.047531849
2.156,0.045038323,,,,,22383,,,,-0.045038323
2.158,0.04247564,,,,,22384,,,,-0.04247564
2.16,0.039847647,,,,,22385,,,,-0.039847647
2.162,0.037162524,,,,,22386,,,,-0.037162524
2.164,0.034432161,,,,,22387,,,,-0.034432161
2.166,0.031672062,,,,,22388,,,,-0.031672062
2.168,0.028900971,,,,,22389,,,,-0.028900971
2.17,0.026139761,,,,,22390,,,,-0.026139761
2.172,0.023409949,,,,,22391,,,,-0.023409949
2.174,0.020732396,,,,,22392,,,,-0.020732396
2.176,0.018126443,,,,,22393,,,,-0.018126443
2.178,0.015609295,,,,,22394,,,,-0.015609295
2.18,0.013195522,,,,,22395,,,,-0.013195522
2.182,0.010896716,,,,,22396,,,,-0.010896716
2.184,0.008721353,,,,,22397,,,,-0.008721353
2.186,0.006675018,,,,,22398,,,,-0.006675018
2.188,0.004761071,,,,,22399,,,,-0.004761071
2.19,0.002981121,,,,,22400,,,,-0.002981121
2.192,0.001334795,,,,,22401,,,,-0.001334795
2.194,-0.000180839,,,,,22402,,,,0.000180839
2.196,-0.001571643,,,,,22403,,,,0.001571643
2.198,-0.002846326,,,,,22404,,,,0.002846326
2.2,-0.0040159,,,,,22405,,,,0.0040159
2.202,-0.005093129,,,,,22406,,,,0.005093129
2.204,-0.006092363,,,,,22407,,,,0.006092363
2.206,-0.007029526,,,,,22408,,,,0.007029526
2.208,-0.007921929,,,,,22409,,,,0.007921929
2.21,-0.008787901,,,,,22410,,,,0.008787901
2.212,-0.009646428,,,,,22411,,,,0.009646428
2.214,-0.010516556,,,,,22412,,,,0.010516556
2.216,-0.01141636,,,,,22413,,,,0.01141636
2.218,-0.012361822,,,,,22414,,,,0.012361822
2.22,-0.013365849,,,,,22415,,,,0.013365849
2.222,-0.014437401,,,,,22416,,,,0.014437401
2.224,-0.015581132,,,,,22417,,,,0.015581132
2.226,-0.016797648,,,,,22418,,,,0.016797648
2.228,-0.01808373,,,,,22419,,,,0.01808373
2.23,-0.019432405,,,,,22420,,,,0.019432405
2.232,-0.020833362,,,,,22421,,,,0.020833362
2.234,-0.022273659,,,,,22422,,,,0.022273659
2.236,-0.023738253,,,,,22423,,,,0.023738253
2.238,-0.025210369,,,,,22424,,,,0.025210369
2.24,-0.026671853,,,,,22425,,,,0.026671853
2.242,-0.028103753,,,,,22426,,,,0.028103753
2.244,-0.029487359,,,,,22427,,,,0.029487359
2.246,-0.030805584,,,,,22428,,,,0.030805584
2.248,-0.032044277,,,,,22429,,,,0.032044277
2.25,-0.033193138,,,,,22430,,,,0.033193138
2.252,-0.034245913,,,,,22431,,,,0.034245913
2.254,-0.035199989,,,,,22432,,,,0.035199989
2.256,-0.036055856,,,,,22433,,,,0.036055856
2.258,-0.036816485,,,,,22434,,,,0.036816485
2.26,-0.037486572,,,,,22435,,,,0.037486572
2.262,-0.038071916,,,,,22436,,,,0.038071916
2.264,-0.038579037,,,,,22437,,,,0.038579037
2.266,-0.039015119,,,,,22438,,,,0.039015119
2.268,-0.039388555,,,,,22439,,,,0.039388555
2.27,-0.0397098,,,,,22440,,,,0.0397098
2.272,-0.039991936,,,,,22441,,,,0.039991936
2.274,-0.040250794,,,,,22442,,,,0.040250794
2.276,-0.0405045,,,,,22443,,,,0.0405045
2.278,-0.040772466,,,,,22444,,,,0.040772466
2.28,-0.041074347,,,,,22445,,,,0.041074347
2.282,-0.041429177,,,,,22446,,,,0.041429177
2.284,-0.041854413,,,,,22447,,,,0.041854413
2.286,-0.042364676,,,,,22448,,,,0.042364676
2.288,-0.042970789,,,,,22449,,,,0.042970789
2.29,-0.043679791,,,,,22450,,,,0.043679791
2.292,-0.044495423,,,,,22451,,,,0.044495423
2.294,-0.045417983,,,,,22452,,,,0.045417983
2.296,-0.046443398,,,,,22453,,,,0.046443398
2.298,-0.047562512,,,,,22454,,,,0.047562512
2.3,-0.048761675,,,,,22455,,,,0.048761675
2.302,-0.050024413,,,,,22456,,,,0.050024413
2.304,-0.051332927,,,,,22457,,,,0.051332927
2.306,-0.052668962,,,,,22458,,,,0.052668962
2.308,-0.054014725,,,,,22459,,,,0.054014725
2.31,-0.055354257,,,,,22460,,,,0.055354257
2.312,-0.056674606,,,,,22461,,,,0.056674606
2.314,-0.057966106,,,,,22462,,,,0.057966106
2.316,-0.059221872,,,,,22463,,,,0.059221872
2.318,-0.060436955,,,,,22464,,,,0.060436955
2.32,-0.061607541,,,,,22465,,,,0.061607541
2.322,-0.062730627,,,,,22466,,,,0.062730627
2.324,-0.063804115,,,,,22467,,,,0.063804115
2.326,-0.064826762,,,,,22468,,,,0.064826762
2.328,-0.065797871,,,,,22469,,,,0.065797871
2.33,-0.066717057,,,,,22470,,,,0.066717057
2.332,-0.067584371,,,,,22471,,,,0.067584371
2.334,-0.068400518,,,,,22472,,,,0.068400518
2.336,-0.069166709,,,,,22473,,,,0.069166709
2.338,-0.06988429,,,,,22474,,,,0.06988429
2.34,-0.070554622,,,,,22475,,,,0.070554622
2.342,-0.071179067,,,,,22476,,,,0.071179067
2.344,-0.071758628,,,,,22477,,,,0.071758628
2.346,-0.0722933,,,,,22478,,,,0.0722933
2.348,-0.072781611,,,,,22479,,,,0.072781611
2.35,-0.073220797,,,,,22480,,,,0.073220797
2.352,-0.073607613,,,,,22481,,,,0.073607613
2.354,-0.073939316,,,,,22482,,,,0.073939316
2.356,-0.074214284,,,,,22483,,,,0.074214284
2.358,-0.07443228,,,,,22484,,,,0.07443228
2.36,-0.074594697,,,,,22485,,,,0.074594697
2.362,-0.074704724,,,,,22486,,,,0.074704724
2.364,-0.074767032,,,,,22487,,,,0.074767032
2.366,-0.074787036,,,,,22488,,,,0.074787036
2.368,-0.07477025,,,,,22489,,,,0.07477025
2.37,-0.074722069,,,,,22490,,,,0.074722069
2.372,-0.074647804,,,,,22491,,,,0.074647804
2.374,-0.074552685,,,,,22492,,,,0.074552685
2.376,-0.074441851,,,,,22493,,,,0.074441851
2.378,-0.074320516,,,,,22494,,,,0.074320516
2.38,-0.074194515,,,,,22495,,,,0.074194515
2.382,-0.074071104,,,,,22496,,,,0.074071104
2.384,-0.073959597,,,,,22497,,,,0.073959597
2.386,-0.073871709,,,,,22498,,,,0.073871709
2.388,-0.073821626,,,,,22499,,,,0.073821626
2.39,-0.073825455,,,,,22500,,,,0.073825455
2.392,-0.073900037,,,,,22501,,,,0.073900037
2.394,-0.074061492,,,,,22502,,,,0.074061492
2.396,-0.074323595,,,,,22503,,,,0.074323595
2.398,-0.074696177,,,,,22504,,,,0.074696177
2.4,-0.075184269,,,,,22505,,,,0.075184269
2.402,-0.075788359,,,,,22506,,,,0.075788359
2.404,-0.076505133,,,,,22507,,,,0.076505133
2.406,-0.077327983,,,,,22508,,,,0.077327983
2.408,-0.078247368,,,,,22509,,,,0.078247368
2.41,-0.079251471,,,,,22510,,,,0.079251471
2.412,-0.080327109,,,,,22511,,,,0.080327109
2.414,-0.081460475,,,,,22512,,,,0.081460475
2.416,-0.082637413,,,,,22513,,,,0.082637413
2.418,-0.083843429,,,,,22514,,,,0.083843429
2.42,-0.085063892,,,,,22515,,,,0.085063892
2.422,-0.086284474,,,,,22516,,,,0.086284474
2.424,-0.087491492,,,,,22517,,,,0.087491492
2.426,-0.088672031,,,,,22518,,,,0.088672031
2.428,-0.089814224,,,,,22519,,,,0.089814224
2.43,-0.090907643,,,,,22520,,,,0.090907643
2.432,-0.091943399,,,,,22521,,,,0.091943399
2.434,-0.092914115,,,,,22522,,,,0.092914115
2.436,-0.093814189,,,,,22523,,,,0.093814189
2.438,-0.094640006,,,,,22524,,,,0.094640006
2.44,-0.095389753,,,,,22525,,,,0.095389753
2.442,-0.096063116,,,,,22526,,,,0.096063116
2.444,-0.096661236,,,,,22527,,,,0.096661236
2.446,-0.097187074,,,,,22528,,,,0.097187074
2.448,-0.097645905,,,,,22529,,,,0.097645905
2.45,-0.098045552,,,,,22530,,,,0.098045552
2.452,-0.098396411,,,,,22531,,,,0.098396411
2.454,-0.098711508,,,,,22532,,,,0.098711508
2.456,-0.099006231,,,,,22533,,,,0.099006231
2.458,-0.099297426,,,,,22534,,,,0.099297426
2.46,-0.099602079,,,,,22535,,,,0.099602079
2.462,-0.099935846,,,,,22536,,,,0.099935846
2.464,-0.100311733,,,,,22537,,,,0.100311733
2.466,-0.100739339,,,,,22538,,,,0.100739339
2.468,-0.101224676,,,,,22539,,,,0.101224676
2.47,-0.101770001,,,,,22540,,,,0.101770001
2.472,-0.102373474,,,,,22541,,,,0.102373474
2.474,-0.103029003,,,,,22542,,,,0.103029003
2.476,-0.103726522,,,,,22543,,,,0.103726522
2.478,-0.104452337,,,,,22544,,,,0.104452337
2.48,-0.105189331,,,,,22545,,,,0.105189331
2.482,-0.10591745,,,,,22546,,,,0.10591745
2.484,-0.106614883,,,,,22547,,,,0.106614883
2.486,-0.107259691,,,,,22548,,,,0.107259691
2.488,-0.107831209,,,,,22549,,,,0.107831209
2.49,-0.108310445,,,,,22550,,,,0.108310445
2.492,-0.10867948,,,,,22551,,,,0.10867948
2.494,-0.108920973,,,,,22552,,,,0.108920973
2.496,-0.109018389,,,,,22553,,,,0.109018389
2.498,-0.108956552,,,,,22554,,,,0.108956552
2.5,-0.108722141,,,,,22555,,,,0.108722141
2.502,-0.108303957,,,,,22556,,,,0.108303957
2.504,-0.107692855,,,,,22557,,,,0.107692855
2.506,-0.106881411,,,,,22558,,,,0.106881411
2.508,-0.10586344,,,,,22559,,,,0.10586344
2.51,-0.10463352,,,,,22560,,,,0.10463352
2.512,-0.103186874,,,,,22561,,,,0.103186874
2.514,-0.101519583,,,,,22562,,,,0.101519583
2.516,-0.099628632,,,,,22563,,,,0.099628632
2.518,-0.097511678,,,,,22564,,,,0.097511678
2.52,-0.095166754,,,,,22565,,,,0.095166754
2.522,-0.092592088,,,,,22566,,,,0.092592088
2.524,-0.089786045,,,,,22567,,,,0.089786045
2.526,-0.086747004,,,,,22568,,,,0.086747004
2.528,-0.083473041,,,,,22569,,,,0.083473041
2.53,-0.079961505,,,,,22570,,,,0.079961505
2.532,-0.076208703,,,,,22571,,,,0.076208703
2.534,-0.072209877,,,,,22572,,,,0.072209877
2.536,-0.067959055,,,,,22573,,,,0.067959055
2.538,-0.063448549,,,,,22574,,,,0.063448549
2.54,-0.058668677,,,,,22575,,,,0.058668677
2.542,-0.053608288,,,,,22576,,,,0.053608288
2.544,-0.048256096,,,,,22577,,,,0.048256096
2.546,-0.042602421,,,,,22578,,,,0.042602421
2.548,-0.036640967,,,,,22579,,,,0.036640967
2.55,-0.03037065,,,,,22580,,,,0.03037065
2.552,-0.023797388,,,,,22581,,,,0.023797388
2.554,-0.016935327,,,,,22582,,,,0.016935327
2.556,-0.009807012,,,,,22583,,,,0.009807012
2.558,-0.002442501,,,,,22584,,,,0.002442501
2.56,0.005122205,,,,,22585,,,,-0.005122205
2.562,0.012846675,,,,,22586,,,,-0.012846675
2.564,0.02068716,,,,,22587,,,,-0.02068716
2.566,0.028597749,,,,,22588,,,,-0.028597749
2.568,0.036531942,,,,,22589,,,,-0.036531942
2.57,0.044444237,,,,,22590,,,,-0.044444237
2.572,0.052291216,,,,,22591,,,,-0.052291216
2.574,0.060031909,,,,,22592,,,,-0.060031909
2.576,0.067627611,,,,,22593,,,,-0.067627611
2.578,0.075041664,,,,,22594,,,,-0.075041664
2.58,0.082239577,,,,,22595,,,,-0.082239577
2.582,0.08918956,,,,,22596,,,,-0.08918956
2.584,0.095863319,,,,,22597,,,,-0.095863319
2.586,0.102236598,,,,,22598,,,,-0.102236598
2.588,0.108289218,,,,,22599,,,,-0.108289218
2.59,0.114004946,,,,,22600,,,,-0.114004946
2.592,0.119371386,,,,,22601,,,,-0.119371386
2.594,0.12437968,,,,,22602,,,,-0.12437968
2.596,0.129023988,,,,,22603,,,,-0.129023988
2.598,0.133301054,,,,,22604,,,,-0.133301054
2.6,0.137210208,,,,,22605,,,,-0.137210208
2.602,0.140753838,,,,,22606,,,,-0.140753838
2.604,0.14393779,,,,,22607,,,,-0.14393779
2.606,0.146771055,,,,,22608,,,,-0.146771055
2.608,0.149264935,,,,,22609,,,,-0.149264935
2.61,0.151432654,,,,,22610,,,,-0.151432654
2.612,0.153289613,,,,,22611,,,,-0.153289613
2.614,0.15485341,,,,,22612,,,,-0.15485341
2.616,0.156143174,,,,,22613,,,,-0.156143174
2.618,0.157178708,,,,,22614,,,,-0.157178708
2.62,0.157979961,,,,,22615,,,,-0.157979961
2.622,0.158566702,,,,,22616,,,,-0.158566702
2.624,0.158958077,,,,,22617,,,,-0.158958077
2.626,0.159171835,,,,,22618,,,,-0.159171835
2.628,0.159223204,,,,,22619,,,,-0.159223204
2.63,0.159123784,,,,,22620,,,,-0.159123784
2.632,0.158880918,,,,,22621,,,,-0.158880918
2.634,0.15849786,,,,,22622,,,,-0.15849786
2.636,0.157974806,,,,,22623,,,,-0.157974806
2.638,0.157310413,,,,,22624,,,,-0.157310413
2.64,0.156503327,,,,,22625,,,,-0.156503327
2.642,0.155553507,,,,,22626,,,,-0.155553507
2.644,0.154463194,,,,,22627,,,,-0.154463194
2.646,0.153237166,,,,,22628,,,,-0.153237166
2.648,0.151882261,,,,,22629,,,,-0.151882261
2.65,0.150406833,,,,,22630,,,,-0.150406833
2.652,0.148820821,,,,,22631,,,,-0.148820821
2.654,0.147136154,,,,,22632,,,,-0.147136154
2.656,0.145366725,,,,,22633,,,,-0.145366725
2.658,0.143527726,,,,,22634,,,,-0.143527726
2.66,0.14163471,,,,,22635,,,,-0.14163471
2.662,0.139702961,,,,,22636,,,,-0.139702961
2.664,0.137747387,,,,,22637,,,,-0.137747387
2.666,0.135782404,,,,,22638,,,,-0.135782404
2.668,0.13382134,,,,,22639,,,,-0.13382134
2.67,0.131875722,,,,,22640,,,,-0.131875722
2.672,0.129955062,,,,,22641,,,,-0.129955062
2.674,0.128067294,,,,,22642,,,,-0.128067294
2.676,0.126219496,,,,,22643,,,,-0.126219496
2.678,0.124418303,,,,,22644,,,,-0.124418303
2.68,0.122669795,,,,,22645,,,,-0.122669795
2.682,0.120979033,,,,,22646,,,,-0.120979033
2.684,0.119349374,,,,,22647,,,,-0.119349374
2.686,0.117781715,,,,,22648,,,,-0.117781715
2.688,0.116273935,,,,,22649,,,,-0.116273935
2.69,0.114820618,,,,,22650,,,,-0.114820618
2.692,0.113412997,,,,,22651,,,,-0.113412997
2.694,0.112039213,,,,,22652,,,,-0.112039213
2.696,0.110684986,,,,,22653,,,,-0.110684986
2.698,0.109334411,,,,,22654,,,,-0.109334411
2.7,0.107970528,,,,,22655,,,,-0.107970528
2.702,0.10657592,,,,,22656,,,,-0.10657592
2.704,0.105133516,,,,,22657,,,,-0.105133516
2.706,0.1036273,,,,,22658,,,,-0.1036273
2.708,0.102042636,,,,,22659,,,,-0.102042636
2.71,0.100366469,,,,,22660,,,,-0.100366469
2.712,0.098587724,,,,,22661,,,,-0.098587724
2.714,0.096697651,,,,,22662,,,,-0.096697651
2.716,0.094689767,,,,,22663,,,,-0.094689767
2.718,0.092559744,,,,,22664,,,,-0.092559744
2.72,0.090305589,,,,,22665,,,,-0.090305589
2.722,0.087927942,,,,,22666,,,,-0.087927942
2.724,0.08543015,,,,,22667,,,,-0.08543015
2.726,0.082817919,,,,,22668,,,,-0.082817919
2.728,0.08009869,,,,,22669,,,,-0.08009869
2.73,0.077281214,,,,,22670,,,,-0.077281214
2.732,0.074375283,,,,,22671,,,,-0.074375283
2.734,0.071391539,,,,,22672,,,,-0.071391539
2.736,0.068341547,,,,,22673,,,,-0.068341547
2.738,0.065237856,,,,,22674,,,,-0.065237856
2.74,0.062093663,,,,,22675,,,,-0.062093663
2.742,0.058922455,,,,,22676,,,,-0.058922455
2.744,0.055737927,,,,,22677,,,,-0.055737927
2.746,0.052553965,,,,,22678,,,,-0.052553965
