Time (Seconds),Amplitude (Volts) [Filtered 0.3-10.0Hz],,,,Time (Seconds),,,
0,-0.233960374,,,,,,,
0.002,-0.237195359,,,,,,,
0.004,-0.240795472,,,,,,,
0.006,-0.244764868,,,,,,,
0.008,-0.249103222,,,,,,,500
0.01,-0.253805458,,,,,,,
0.012,-0.258861525,,,,,,,
0.014,-0.264256228,,,,,,,
0.016,-0.269969138,,,,,,,
0.018,-0.275974566,,,,,,,
0.02,-0.282241589,,,,,,,
0.022,-0.288734146,,,,,,,
0.024,-0.295411175,,,,,,,
0.026,-0.302226788,,,,,,,
0.028,-0.309130507,,,,,,,
0.03,-0.316067545,,,,,,,
0.032,-0.322979145,,,,,,,
0.034,-0.329802985,,,,,,,
0.036,-0.33647365,,,,,,,
0.038,-0.342923151,,,,,,,
0.04,-0.349081499,,,,,,,
0.042,-0.354877307,,,,,,,
0.044,-0.360238406,,,,,,,
0.046,-0.365092477,,,,,,,
0.048,-0.369367677,,,,,,,
0.05,-0.37299328,,,,,,,
0.052,-0.375900314,,,,,,,
0.054,-0.378022211,,,,,,,
0.056,-0.379295455,,,,,,,
0.058,-0.379660234,,,,,,,
0.06,-0.379061063,,,,,,,
0.062,-0.377447395,,,,,,,
0.064,-0.374774184,,,,,,,
0.066,-0.371002403,,,,,,,
0.068,-0.366099518,,,,,,,
0.07,-0.360039916,,,,,,,
0.072,-0.352805291,,,,,,,
0.074,-0.344384985,,,,,,,
0.076,-0.334776284,,,,,,,
0.078,-0.323984663,,,,,,,
0.08,-0.312023956,,,,,,,
0.082,-0.298916457,,,,,,,
0.084,-0.284692915,,,,,,,
0.086,-0.269392435,,,,,,,
0.088,-0.253062273,,,,,,,
0.09,-0.235757528,,,,,,,
0.092,-0.217540744,,,,,,,
0.094,-0.198481418,,,,,,,
0.096,-0.178655432,,,,,,,
0.098,-0.158144413,,,,,,,
0.1,-0.137035001,,,,,,,
0.102,-0.11541806,,,,,,,
0.104,-0.093387806,,,,,,,
0.106,-0.07104088,,,,,,,
0.108,-0.048475376,,,,,,,
0.11,-0.025789844,,,,,,,
0.112,-0.003082298,,,,,,,
0.114,0.019550756,,,,,,,
0.116,0.042015244,,,,,,,
0.118,0.064220399,,,,,,,
0.12,0.086079562,,,,,,,
0.122,0.107510923,,,,,,,
0.124,0.128438176,,,,,,,
0.126,0.148791108,,,,,,,
0.128,0.168506083,,,,,,,
0.13,0.187526432,,,,,,,
0.132,0.205802726,,,,,,,
0.134,0.223292923,,,,,,,
0.136,0.239962394,,,,,,,
0.138,0.25578382,,,,,,,
0.14,0.270736983,,,,,,,
0.142,0.284808452,,,,,,,
0.144,0.29799119,,,,,,,
0.146,0.310284093,,,,,,,
0.148,0.321691471,,,,,,,
0.15,0.332222485,,,,,,,
0.152,0.341890544,,,,,,,
0.154,0.350712684,,,,,,,
0.156,0.35870893,,,,,,,
0.158,0.365901669,,,,,,,
0.16,0.372315051,,,,,,,
0.162,0.377974433,,,,,,,
0.164,0.38290588,,,,,,,
0.166,0.387135739,,,,,,,
0.168,0.390690268,,,,,,,
0.17,0.393595337,,,,,,,
0.172,0.39587617,,,,,,,
0.174,0.39755713,,,,,,,
0.176,0.398661547,,,,,,,
0.178,0.399211575,,,,,,,
0.18,0.399228092,,,,,,,
0.182,0.398730644,,,,,,,
0.184,0.397737437,,,,,,,
0.186,0.396265378,,,,,,,
0.188,0.394330154,,,,,,,
0.19,0.391946347,,,,,,,
0.192,0.389127566,,,,,,,
0.194,0.385886583,,,,,,,
0.196,0.382235478,,,,,,,
0.198,0.378185779,,,,,,,
0.2,0.373748601,,,,,,,
0.202,0.368934799,,,,,,,
0.204,0.363755126,,,,,,,
0.206,0.358220404,,,,,,,
0.208,0.3523417,,,,,,,
0.21,0.346130507,,,,,,,
0.212,0.339598901,,,,,,,
0.214,0.332759682,,,,,,,
0.216,0.325626488,,,,,,,
0.218,0.318213876,,,,,,,
0.22,0.31053738,,,,,,,
0.222,0.302613555,,,,,,,
0.224,0.29446001,,,,,,,
0.226,0.286095429,,,,,,,
0.228,0.277539597,,,,,,,
0.23,0.268813398,,,,,,,
0.232,0.259938808,,,,,,,
0.234,0.250938864,,,,,,,
0.236,0.241837597,,,,,,,
0.238,0.232659952,,,,,,,
0.24,0.223431681,,,,,,,
0.242,0.214179216,,,,,,,
0.244,0.204929537,,,,,,,
0.246,0.195710018,,,,,,,
0.248,0.186548259,,,,,,,
0.25,0.17747189,,,,,,,
0.252,0.168508344,,,,,,,
0.254,0.159684595,,,,,,,
0.256,0.151026857,,,,,,,
0.258,0.142560259,,,,,,,
0.26,0.134308502,,,,,,,
0.262,0.126293518,,,,,,,
0.264,0.118535138,,,,,,,
0.266,0.111050785,,,,,,,
0.268,0.103855196,,,,,,,
0.27,0.096960173,,,,,,,
0.272,0.090374357,,,,,,,
0.274,0.084103038,,,,,,,
0.276,0.078147998,,,,,,,
0.278,0.072507401,,,,,,,
0.28,0.06717574,,,,,,,
0.282,0.062143853,,,,,,,
0.284,0.057399036,,,,,,,
0.286,0.052925224,,,,,,,
0.288,0.048703268,,,,,,,
0.29,0.04471129,,,,,,,
0.292,0.040925085,,,,,,,
0.294,0.03731859,,,,,,,
0.296,0.03386438,,,,,,,
0.298,0.030534191,,,,,,,
0.3,0.027299475,,,,,,,
0.302,0.024131961,,,,,,,
0.304,0.021004233,,,,,,,
0.306,0.017890297,,,,,,,
0.308,0.014766129,,,,,,,
0.31,0.011610179,,,,,,,
0.312,0.008403806,,,,,,,
0.314,0.00513164,,,,,,,
0.316,0.001781841,,,,,,,
0.318,-0.001653731,,,,,,,
0.32,-0.00517944,,,,,,,
0.322,-0.00879589,,,,,,,
0.324,-0.012500008,,,,,,,
0.326,-0.016285204,,,,,,,
0.328,-0.020141591,,,,,,,
0.33,-0.024056275,,,,,,,
0.332,-0.028013694,,,,,,,
0.334,-0.03199602,,,,,,,
0.336,-0.035983599,,,,,,,
0.338,-0.039955422,,,,,,,
0.34,-0.043889598,,,,,,,
0.342,-0.047763831,,,,,,,
0.344,-0.051555851,,,,,,,
0.346,-0.055243816,,,,,,,
0.348,-0.05880667,,,,,,,
0.35,-0.062224458,,,,,,,
0.352,-0.065478599,,,,,,,
0.354,-0.068552125,,,,,,,
0.356,-0.071429885,,,,,,,
0.358,-0.074098709,,,,,,,
0.36,-0.076547527,,,,,,,
0.362,-0.078767435,,,,,,,
0.364,-0.080751714,,,,,,,
0.366,-0.082495786,,,,,,,
0.368,-0.083997139,,,,,,,
0.37,-0.085255204,,,,,,,
0.372,-0.086271224,,,,,,,
0.374,-0.087048109,,,,,,,
0.376,-0.087590291,,,,,,,
0.378,-0.087903578,,,,,,,
0.38,-0.087995013,,,,,,,
0.382,-0.087872739,,,,,,,
0.384,-0.087545853,,,,,,,
0.386,-0.08702428,,,,,,,
0.388,-0.08631864,,,,,,,
0.39,-0.08544015,,,,,,,
0.392,-0.084400538,,,,,,,
0.394,-0.083211983,,,,,,,
0.396,-0.081887083,,,,,,,
0.398,-0.080438826,,,,,,,
0.4,-0.078880559,,,,,,,
0.402,-0.077225952,,,,,,,
0.404,-0.075488924,,,,,,,
0.406,-0.073683547,,,,,,,
0.408,-0.071823933,,,,,,,
0.41,-0.069924097,,,,,,,
0.412,-0.067997827,,,,,,,
0.414,-0.066058555,,,,,,,
0.416,-0.064119248,,,,,,,
0.418,-0.062192312,,,,,,,
0.42,-0.060289506,,,,,,,
0.422,-0.058421867,,,,,,,
0.424,-0.056599632,,,,,,,
0.426,-0.054832168,,,,,,,
0.428,-0.053127898,,,,,,,
0.43,-0.051494247,,,,,,,
0.432,-0.04993761,,,,,,,
0.434,-0.048463341,,,,,,,
0.436,-0.04707578,,,,,,,
0.438,-0.045778298,,,,,,,
0.44,-0.044573371,,,,,,,
0.442,-0.043462647,,,,,,,
0.444,-0.042447033,,,,,,,
0.446,-0.041526759,,,,,,,
0.448,-0.040701456,,,,,,,
0.45,-0.039970233,,,,,,,
0.452,-0.039331758,,,,,,,
0.454,-0.038784355,,,,,,,
0.456,-0.038326108,,,,,,,
0.458,-0.03795497,,,,,,,
0.46,-0.037668861,,,,,,,
0.462,-0.037465755,,,,,,,
0.464,-0.037343738,,,,,,,
0.466,-0.037301042,,,,,,,
0.468,-0.037336052,,,,,,,
0.47,-0.037447302,,,,,,,
0.472,-0.037633456,,,,,,,
0.474,-0.037893281,,,,,,,
0.476,-0.038225629,,,,,,,
0.478,-0.0386294,,,,,,,
0.48,-0.039103508,,,,,,,
0.482,-0.039646833,,,,,,,
0.484,-0.040258155,,,,,,,
0.486,-0.040936092,,,,,,,
0.488,-0.041679035,,,,,,,
0.49,-0.042485099,,,,,,,
0.492,-0.043352102,,,,,,,
0.494,-0.044277587,,,,,,,
0.496,-0.045258865,,,,,,,
0.498,-0.046293103,,,,,,,
0.5,-0.047377429,,,,,,,
0.502,-0.048509044,,,,,,,
0.504,-0.049685339,,,,,,,
0.506,-0.050903994,,,,,,,
0.508,-0.052163078,,,,,,,
0.51,-0.053461139,,,,,,,
0.512,-0.054797284,,,,,,,
0.514,-0.056171272,,,,,,,
0.516,-0.057583587,,,,,,,
0.518,-0.059035514,,,,,,,
0.52,-0.06052919,,,,,,,
0.522,-0.062067629,,,,,,,
0.524,-0.063654702,,,,,,,
0.526,-0.065295083,,,,,,,
0.528,-0.066994146,,,,,,,
0.53,-0.068757832,,,,,,,
0.532,-0.070592484,,,,,,,
0.534,-0.07250466,,,,,,,
0.536,-0.074500932,,,,,,,
0.538,-0.076587662,,,,,,,
0.54,-0.078770763,,,,,,,
0.542,-0.08105544,,,,,,,
0.544,-0.083445911,,,,,,,
0.546,-0.085945121,,,,,,,
0.548,-0.088554461,,,,,,,
0.55,-0.091273507,,,,,,,
0.552,-0.094099799,,,,,,,
0.554,-0.097028672,,,,,,,
0.556,-0.100053154,,,,,,,
0.558,-0.103163922,,,,,,,
0.56,-0.10634932,,,,,,,
0.562,-0.109595437,,,,,,,
0.564,-0.112886223,,,,,,,
0.566,-0.116203663,,,,,,,
0.568,-0.119527992,,,,,,,
0.57,-0.122837959,,,,,,,
0.572,-0.126111156,,,,,,,
0.574,-0.129324386,,,,,,,
0.576,-0.132454085,,,,,,,
0.578,-0.135476769,,,,,,,
0.58,-0.138369495,,,,,,,
0.582,-0.141110312,,,,,,,
0.584,-0.143678691,,,,,,,
0.586,-0.14605591,,,,,,,
0.588,-0.148225405,,,,,,,
0.59,-0.15017307,,,,,,,
0.592,-0.151887517,,,,,,,
0.594,-0.153360285,,,,,,,
0.596,-0.154586012,,,,,,,
0.598,-0.155562547,,,,,,,
0.6,-0.156291003,,,,,,,
0.602,-0.156775743,,,,,,,
0.604,-0.157024297,,,,,,,
0.606,-0.15704721,,,,,,,
0.608,-0.156857826,,,,,,,
0.61,-0.156472034,,,,,,,
0.612,-0.155907973,,,,,,,
0.614,-0.155185724,,,,,,,
0.616,-0.15432699,,,,,,,
0.618,-0.153354772,,,,,,,
0.62,-0.15229305,,,,,,,
0.622,-0.151166453,,,,,,,
0.624,-0.149999949,,,,,,,
0.626,-0.148818535,,,,,,,
0.628,-0.14764696,,,,,,,
0.63,-0.146509482,,,,,,,
0.632,-0.145429672,,,,,,,
0.634,-0.14443027,,,,,,,
0.636,-0.143533088,,,,,,,
0.638,-0.142758963,,,,,,,
0.64,-0.142127719,,,,,,,
0.642,-0.14165815,,,,,,,
0.644,-0.141367987,,,,,,,
0.646,-0.141273857,,,,,,,
0.648,-0.141391221,,,,,,,
0.65,-0.141734297,,,,,,,
0.652,-0.142315987,,,,,,,
0.654,-0.143147796,,,,,,,
0.656,-0.144239762,,,,,,,
0.658,-0.145600387,,,,,,,
0.66,-0.147236573,,,,,,,
0.662,-0.149153555,,,,,,,
0.664,-0.151354831,,,,,,,
0.666,-0.153842086,,,,,,,
0.668,-0.156615134,,,,,,,
0.67,-0.159671865,,,,,,,
0.672,-0.163008222,,,,,,,
0.674,-0.16661821,,,,,,,
0.676,-0.170493936,,,,,,,
0.678,-0.174625668,,,,,,,
0.68,-0.179001925,,,,,,,
0.682,-0.18360956,,,,,,,
0.684,-0.188433847,,,,,,,
0.686,-0.193458554,,,,,,,
0.688,-0.198666019,,,,,,,
0.69,-0.204037207,,,,,,,
0.692,-0.20955178,,,,,,,
0.694,-0.215188155,,,,,,,
0.696,-0.220923574,,,,,,,
0.698,-0.226734154,,,,,,,
0.7,-0.232594934,,,,,,,
0.702,-0.238479896,,,,,,,
0.704,-0.244361965,,,,,,,
0.706,-0.250212992,,,,,,,
0.708,-0.256003725,,,,,,,
0.71,-0.261703787,,,,,,,
0.712,-0.267281663,,,,,,,
0.714,-0.272704714,,,,,,,
0.716,-0.277939212,,,,,,,
0.718,-0.282950401,,,,,,,
0.72,-0.287702573,,,,,,,
0.722,-0.292159162,,,,,,,
0.724,-0.296282845,,,,,,,
0.726,-0.300035668,,,,,,,
0.728,-0.303379196,,,,,,,
0.73,-0.306274707,,,,,,,
0.732,-0.308683441,,,,,,,
0.734,-0.310566903,,,,,,,
0.736,-0.31188723,,,,,,,
0.738,-0.312607606,,,,,,,
0.74,-0.312692716,,,,,,,
0.742,-0.312109217,,,,,,,
0.744,-0.310826221,,,,,,,
0.746,-0.308815766,,,,,,,
0.748,-0.30605327,,,,,,,
0.75,-0.302517974,,,,,,,
0.752,-0.298193353,,,,,,,
0.754,-0.293067505,,,,,,,
0.756,-0.287133494,,,,,,,
0.758,-0.280389645,,,,,,,
0.76,-0.272839764,,,,,,,
0.762,-0.264493287,,,,,,,
0.764,-0.255365332,,,,,,,
0.766,-0.245476649,,,,,,,
0.768,-0.234853496,,,,,,,
0.77,-0.223527409,,,,,,,
0.772,-0.211534912,,,,,,,
0.774,-0.198917149,,,,,,,
0.776,-0.185719452,,,,,,,
0.778,-0.17199085,,,,,,,
0.78,-0.157783521,,,,,,,
0.782,-0.14315218,,,,,,,
0.784,-0.128153421,,,,,,,
0.786,-0.112845013,,,,,,,
0.788,-0.097285189,,,,,,,
0.79,-0.081531922,,,,,,,
0.792,-0.065642241,,,,,,,
0.794,-0.049671592,,,,,,,
0.796,-0.033673268,,,,,,,
0.798,-0.017697913,,,,,,,
0.8,-0.001793113,,,,,,,
0.802,0.013996938,,,,,,,
0.804,0.029631679,,,,,,,
0.806,0.045074345,,,,,,,
0.808,0.060292028,,,,,,,
0.81,0.075255653,,,,,,,
0.812,0.089939852,,,,,,,
0.814,0.104322756,,,,,,,
0.816,0.118385693,,,,,,,
0.818,0.132112842,,,,,,,
0.82,0.145490833,,,,,,,
0.822,0.158508341,,,,,,,
0.824,0.171155675,,,,,,,
0.826,0.183424387,,,,,,,
0.828,0.195306902,,,,,,,
0.83,0.206796175,,,,,,,
0.832,0.217885384,,,,,,,
0.834,0.228567647,,,,,,,
0.836,0.238835789,,,,,,,
0.838,0.248682143,,,,,,,
0.84,0.258098424,,,,,,,
0.842,0.267075651,,,,,,,
0.844,0.275604154,,,,,,,
0.846,0.28367363,,,,,,,
0.848,0.291273265,,,,,,,
0.85,0.298391897,,,,,,,
0.852,0.305018204,,,,,,,
0.854,0.311140921,,,,,,,
0.856,0.31674906,,,,,,,
0.858,0.321832144,,,,,,,
0.86,0.326380447,,,,,,,
0.862,0.330385247,,,,,,,
0.864,0.333839078,,,,,,,
0.866,0.336735983,,,,,,,
0.868,0.339071752,,,,,,,
0.87,0.340844122,,,,,,,
0.872,0.342052933,,,,,,,
0.874,0.342700238,,,,,,,
0.876,0.342790347,,,,,,,
0.878,0.342329824,,,,,,,
0.88,0.341327452,,,,,,,
0.882,0.339794162,,,,,,,
0.884,0.337742963,,,,,,,
0.886,0.33518886,,,,,,,
0.888,0.33214878,,,,,,,
0.89,0.328641491,,,,,,,
0.892,0.32468753,,,,,,,
0.894,0.320309117,,,,,,,
0.896,0.315530075,,,,,,,
0.898,0.310375746,,,,,,,
0.9,0.304872915,,,,,,,
0.902,0.299049738,,,,,,,
0.904,0.292935677,,,,,,,
0.906,0.286561444,,,,,,,
0.908,0.279958922,,,,,,,
0.91,0.273161073,,,,,,,
0.912,0.266201805,,,,,,,
0.914,0.259115801,,,,,,,
0.916,0.2519383,,,,,,,
0.918,0.244704835,,,,,,,
0.92,0.237450949,,,,,,,
0.922,0.230211873,,,,,,,
0.924,0.223022204,,,,,,,
0.926,0.215915561,,,,,,,
0.928,0.208924239,,,,,,,
0.93,0.202078841,,,,,,,
0.932,0.195407911,,,,,,,
0.934,0.188937552,,,,,,,
0.936,0.182691053,,,,,,,
0.938,0.176688531,,,,,,,
0.94,0.170946605,,,,,,,
0.942,0.165478126,,,,,,,
0.944,0.160291963,,,,,,,
0.946,0.155392855,,,,,,,
0.948,0.150781331,,,,,,,
0.95,0.146453697,,,,,,,
0.952,0.142402075,,,,,,,
0.954,0.138614503,,,,,,,
0.956,0.135075103,,,,,,,
0.958,0.131764296,,,,,,,
0.96,0.128659108,,,,,,,
0.962,0.125733541,,,,,,,
0.964,0.122959019,,,,,,,
0.966,0.12030491,,,,,,,
0.968,0.117739092,,,,,,,
0.97,0.115228551,,,,,,,
0.972,0.112739998,,,,,,,
0.974,0.110240471,,,,,,,
0.976,0.107697919,,,,,,,
0.978,0.105081749,,,,,,,
0.98,0.102363347,,,,,,,
0.982,0.099516541,,,,,,,
0.984,0.09651804,,,,,,,
0.986,0.093347799,,,,,,,
0.988,0.089989344,,,,,,,
0.99,0.08643001,,,,,,,
0.992,0.082661104,,,,,,,
0.994,0.078677987,,,,,,,
0.996,0.074480071,,,,,,,
0.998,0.070070745,,,,,,,
1,0.065457235,,,,,,,
1.002,0.06065042,,,,,,,
1.004,0.05566461,,,,,,,
1.006,0.050517277,,,,,,,
1.008,0.04522877,,,,,,,
1.01,0.039821976,,,,,,,
1.012,0.034321969,,,,,,,
1.014,0.028755607,,,,,,,
1.016,0.023151133,,,,,,,
1.018,0.017537755,,,,,,,
1.02,0.011945241,,,,,,,
1.022,0.006403544,,,,,,,
1.024,0.000942459,,,,,,,
1.026,-0.004408679,,,,,,,
1.028,-0.009621262,,,,,,,
1.03,-0.014667643,,,,,,,
1.032,-0.019521349,,,,,,,
1.034,-0.024157282,,,,,,,
1.036,-0.028551895,,,,,,,
1.038,-0.032683374,,,,,,,
1.04,-0.036531785,,,,,,,
1.042,-0.040079209,,,,,,,
1.044,-0.043309862,,,,,,,
1.046,-0.046210186,,,,,,,
1.048,-0.048768946,,,,,,,
1.05,-0.050977314,,,,,,,
1.052,-0.052828963,,,,,,,
1.054,-0.054320176,,,,,,,
1.056,-0.05544995,,,,,,,
1.058,-0.056220097,,,,,,,
1.06,-0.056635335,,,,,,,
1.062,-0.05670334,,,,,,,
1.064,-0.056434757,,,,,,,
1.066,-0.055843177,,,,,,,
1.068,-0.054945057,,,,,,,
1.07,-0.05375961,,,,,,,
1.072,-0.052308647,,,,,,,
1.074,-0.050616395,,,,,,,
1.076,-0.048709273,,,,,,,
1.078,-0.046615627,,,,,,,
1.08,-0.044365427,,,,,,,
1.082,-0.041989907,,,,,,,
1.084,-0.039521166,,,,,,,
1.086,-0.036991725,,,,,,,
1.088,-0.034434069,,,,,,,
1.09,-0.031880167,,,,,,,
1.092,-0.029361014,,,,,,,
1.094,-0.026906186,,,,,,,
1.096,-0.024543426,,,,,,,
1.098,-0.022298263,,,,,,,
1.1,-0.02019366,,,,,,,
1.102,-0.018249699,,,,,,,
1.104,-0.016483292,,,,,,,
1.106,-0.014907946,,,,,,,
1.108,-0.013533573,,,,,,,
1.11,-0.012366375,,,,,,,
1.112,-0.011408804,,,,,,,
1.114,-0.010659617,,,,,,,
1.116,-0.010114007,,,,,,,
1.118,-0.009763824,,,,,,,
1.12,-0.009597858,,,,,,,
1.122,-0.009602179,,,,,,,
1.124,-0.009760512,,,,,,,
1.126,-0.010054644,,,,,,,
1.128,-0.010464844,,,,,,,
1.13,-0.010970307,,,,,,,
1.132,-0.011549596,,,,,,,
1.134,-0.012181087,,,,,,,
1.136,-0.012843404,,,,,,,
1.138,-0.013515822,,,,,,,
1.14,-0.014178644,,,,,,,
1.142,-0.014813516,,,,,,,
1.144,-0.015403696,,,,,,,
1.146,-0.015934265,,,,,,,
1.148,-0.016392292,,,,,,,
1.15,-0.016766964,,,,,,,
1.152,-0.017049679,,,,,,,
1.154,-0.017234127,,,,,,,
1.156,-0.017316343,,,,,,,
1.158,-0.017294734,,,,,,,
1.16,-0.017170084,,,,,,,
1.162,-0.016945514,,,,,,,
1.164,-0.016626408,,,,,,,
1.166,-0.016220306,,,,,,,
1.168,-0.015736768,,,,,,,
1.17,-0.015187225,,,,,,,
1.172,-0.014584816,,,,,,,
1.174,-0.013944235,,,,,,,
1.176,-0.013281566,,,,,,,
1.178,-0.01261412,,,,,,,
1.18,-0.011960257,,,,,,,
1.182,-0.011339186,,,,,,,
1.184,-0.010770746,,,,,,,
1.186,-0.010275169,,,,,,,
1.188,-0.009872827,,,,,,,
1.19,-0.009583979,,,,,,,
1.192,-0.009428525,,,,,,,
1.194,-0.009425776,,,,,,,
1.196,-0.009594226,,,,,,,
1.198,-0.009951352,,,,,,,
1.2,-0.0105134,,,,,,,
1.202,-0.011295181,,,,,,,
1.204,-0.012309856,,,,,,,
1.206,-0.013568721,,,,,,,
1.208,-0.015081001,,,,,,,
1.21,-0.016853659,,,,,,,
1.212,-0.018891234,,,,,,,
1.214,-0.021195715,,,,,,,
1.216,-0.023766465,,,,,,,
1.218,-0.026600179,,,,,,,
1.22,-0.029690879,,,,,,,
1.222,-0.03302995,,,,,,,
1.224,-0.036606194,,,,,,,
1.226,-0.040405934,,,,,,,
1.228,-0.044413134,,,,,,,
1.23,-0.048609579,,,,,,,
1.232,-0.05297509,,,,,,,
1.234,-0.057487778,,,,,,,
1.236,-0.062124342,,,,,,,
1.238,-0.06686038,,,,,,,
1.24,-0.071670714,,,,,,,
1.242,-0.076529705,,,,,,,
1.244,-0.081411559,,,,,,,
1.246,-0.086290612,,,,,,,
1.248,-0.091141608,,,,,,,
1.25,-0.095939964,,,,,,,
1.252,-0.100662026,,,,,,,
1.254,-0.105285332,,,,,,,
1.256,-0.109788844,,,,,,,
1.258,-0.114153177,,,,,,,
1.26,-0.118360779,,,,,,,
1.262,-0.122396072,,,,,,,
1.264,-0.126245539,,,,,,,
1.266,-0.129897755,,,,,,,
1.268,-0.133343381,,,,,,,
1.27,-0.136575111,,,,,,,
1.272,-0.139587601,,,,,,,
1.274,-0.142377372,,,,,,,
1.276,-0.144942703,,,,,,,
1.278,-0.147283503,,,,,,,
1.28,-0.149401171,,,,,,,
1.282,-0.151298434,,,,,,,
1.284,-0.152979182,,,,,,,
1.286,-0.154448292,,,,,,,
1.288,-0.155711476,,,,,,,
1.29,-0.156775148,,,,,,,
1.292,-0.157646334,,,,,,,
1.294,-0.158332632,,,,,,,
1.296,-0.158842215,,,,,,,
1.298,-0.159183875,,,,,,,
1.3,-0.159367094,,,,,,,
1.302,-0.159402127,,,,,,,
1.304,-0.159300099,,,,,,,
1.306,-0.159073089,,,,,,,
1.308,-0.158734223,,,,,,,
1.31,-0.15829775,,,,,,,
1.312,-0.15777912,,,,,,,
1.314,-0.15719505,,,,,,,
1.316,-0.156563568,,,,,,,
1.318,-0.155904029,,,,,,,
1.32,-0.15523708,,,,,,,
1.322,-0.154584579,,,,,,,
1.324,-0.153969451,,,,,,,
1.326,-0.15341548,,,,,,,
1.328,-0.15294706,,,,,,,
1.33,-0.152588906,,,,,,,
1.332,-0.152365737,,,,,,,
1.334,-0.152301952,,,,,,,
1.336,-0.152421289,,,,,,,
1.338,-0.15274649,,,,,,,
1.34,-0.153298955,,,,,,,
1.342,-0.154098393,,,,,,,
1.344,-0.155162471,,,,,,,
1.346,-0.156506476,,,,,,,
1.348,-0.158142991,,,,,,,
1.35,-0.160081612,,,,,,,
1.352,-0.162328702,,,,,,,
1.354,-0.164887208,,,,,,,
1.356,-0.167756526,,,,,,,
1.358,-0.170932428,,,,,,,
1.36,-0.174407026,,,,,,,
1.362,-0.178168784,,,,,,,
1.364,-0.182202561,,,,,,,
1.366,-0.186489688,,,,,,,
1.368,-0.19100808,,,,,,,
1.37,-0.19573238,,,,,,,
1.372,-0.200634139,,,,,,,
1.374,-0.205682023,,,,,,,
1.376,-0.210842036,,,,,,,
1.378,-0.216077753,,,,,,,
1.38,-0.221350545,,,,,,,
1.382,-0.226619793,,,,,,,
1.384,-0.231843081,,,,,,,
1.386,-0.23697638,,,,,,,
1.388,-0.241974239,,,,,,,
1.39,-0.24678997,,,,,,,
1.392,-0.251375876,,,,,,,
1.394,-0.255683488,,,,,,,
1.396,-0.259663856,,,,,,,
1.398,-0.263267843,,,,,,,
1.4,-0.266446462,,,,,,,
1.402,-0.269151216,,,,,,,
1.404,-0.271334453,,,,,,,
1.406,-0.272949736,,,,,,,
1.408,-0.273952232,,,,,,,
1.41,-0.274299115,,,,,,,
1.412,-0.273950002,,,,,,,
1.414,-0.272867399,,,,,,,
1.416,-0.27101716,,,,,,,
1.418,-0.268368945,,,,,,,
1.42,-0.264896648,,,,,,,
1.422,-0.260578802,,,,,,,
1.424,-0.255398926,,,,,,,
1.426,-0.249345828,,,,,,,
1.428,-0.242413846,,,,,,,
1.43,-0.234603053,,,,,,,
1.432,-0.225919391,,,,,,,
1.434,-0.216374776,,,,,,,
1.436,-0.20598713,,,,,,,
1.438,-0.194780361,,,,,,,
1.44,-0.182784261,,,,,,,
1.442,-0.17003433,,,,,,,
1.444,-0.156571507,,,,,,,
1.446,-0.142441827,,,,,,,
1.448,-0.127695996,,,,,,,
1.45,-0.112388905,,,,,,,
1.452,-0.096579095,,,,,,,
1.454,-0.080328171,,,,,,,
1.456,-0.063700186,,,,,,,
1.458,-0.046760991,,,,,,,
1.46,-0.029577566,,,,,,,
1.462,-0.012217327,,,,,,,
1.464,0.005252566,,,,,,,
1.466,0.02276589,,,,,,,
1.468,0.040257999,,,,,,,
1.47,0.057666419,,,,,,,
1.472,0.074931367,,,,,,,
1.474,0.091996183,,,,,,,
1.476,0.10880769,,,,,,,
1.478,0.125316459,,,,,,,
1.48,0.141477005,,,,,,,
1.482,0.157247909,,,,,,,
1.484,0.172591878,,,,,,,
1.486,0.187475735,,,,,,,
1.488,0.201870352,,,,,,,
1.49,0.215750506,,,,,,,
1.492,0.229094682,,,,,,,
1.494,0.241884819,,,,,,,
1.496,0.254106005,,,,,,,
1.498,0.26574616,,,,,,,
1.5,0.276795709,,,,,,,
1.502,0.287247264,,,,,,,
1.504,0.297095339,,,,,,,
1.506,0.306336096,,,,,,,
1.508,0.314967125,,,,,,,
1.51,0.322987261,,,,,,,
1.512,0.330396429,,,,,,,
1.514,0.337195528,,,,,,,
1.516,0.343386344,,,,,,,
1.518,0.348971505,,,,,,,
1.52,0.353954483,,,,,,,
1.522,0.35833963,,,,,,,
1.524,0.362132259,,,,,,,
1.526,0.365338749,,,,,,,
1.528,0.367966661,,,,,,,
1.53,0.370024845,,,,,,,
1.532,0.371523528,,,,,,,
1.534,0.372474365,,,,,,,
1.536,0.372890459,,,,,,,
1.538,0.372786339,,,,,,,
1.54,0.372177912,,,,,,,
1.542,0.371082385,,,,,,,
1.544,0.369518167,,,,,,,
1.546,0.367504753,,,,,,,
1.548,0.365062576,,,,,,,
1.55,0.362212837,,,,,,,
1.552,0.358977307,,,,,,,
1.554,0.355378112,,,,,,,
1.556,0.3514375,,,,,,,
1.558,0.34717761,,,,,,,
1.56,0.34262026,,,,,,,
1.562,0.337786764,,,,,,,
1.564,0.332697786,,,,,,,
1.566,0.327373231,,,,,,,
1.568,0.321832175,,,,,,,
1.57,0.316092828,,,,,,,
1.572,0.310172516,,,,,,,
1.574,0.304087687,,,,,,,
1.576,0.297853938,,,,,,,
1.578,0.291486073,,,,,,,
1.58,0.284998186,,,,,,,
1.582,0.278403781,,,,,,,
1.584,0.271715927,,,,,,,
1.586,0.264947433,,,,,,,
1.588,0.258111032,,,,,,,
1.59,0.251219557,,,,,,,
1.592,0.244286102,,,,,,,
1.594,0.237324145,,,,,,,
1.596,0.230347631,,,,,,,
1.598,0.223371024,,,,,,,
1.6,0.216409309,,,,,,,
1.602,0.20947796,,,,,,,
1.604,0.202592872,,,,,,,
1.606,0.195770242,,,,,,,
1.608,0.189026404,,,,,,,
1.61,0.182377613,,,,,,,
1.612,0.175839779,,,,,,,
1.614,0.169428166,,,,,,,
1.616,0.163157062,,,,,,,
1.618,0.157039449,,,,,,,
1.62,0.151086705,,,,,,,
1.622,0.145308333,,,,,,,
1.624,0.139711762,,,,,,,
1.626,0.134302194,,,,,,,
1.628,0.129082522,,,,,,,
1.63,0.124053293,,,,,,,
1.632,0.119212726,,,,,,,
1.634,0.114556771,,,,,,,
1.636,0.110079208,,,,,,,
1.638,0.105771802,,,,,,,
1.64,0.10162449,,,,,,,
1.642,0.097625624,,,,,,,
1.644,0.09376225,,,,,,,
1.646,0.09002042,,,,,,,
1.648,0.08638551,,,,,,,
1.65,0.082842541,,,,,,,
1.652,0.079376481,,,,,,,
1.654,0.075972521,,,,,,,
1.656,0.072616322,,,,,,,
1.658,0.069294239,,,,,,,
1.66,0.065993515,,,,,,,
1.662,0.062702467,,,,,,,
1.664,0.059410646,,,,,,,
1.666,0.056108983,,,,,,,
1.668,0.052789901,,,,,,,
1.67,0.049447398,,,,,,,
1.672,0.046077087,,,,,,,
1.674,0.042676198,,,,,,,
1.676,0.039243542,,,,,,,
1.678,0.035779453,,,,,,,
1.68,0.032285712,,,,,,,
1.682,0.028765467,,,,,,,
1.684,0.02522315,,,,,,,
1.686,0.021664392,,,,,,,
1.688,0.018095936,,,,,,,
1.69,0.01452553,,,,,,,
1.692,0.010961817,,,,,,,
1.694,0.007414202,,,,,,,
1.696,0.003892713,,,,,,,
1.698,0.000407867,,,,,,,
1.7,-0.003029467,,,,,,,
1.702,-0.006408175,,,,,,,
1.704,-0.009716998,,,,,,,
1.706,-0.012944617,,,,,,,
1.708,-0.016079739,,,,,,,
1.71,-0.01911118,,,,,,,
1.712,-0.022027971,,,,,,,
1.714,-0.024819475,,,,,,,
1.716,-0.027475522,,,,,,,
1.718,-0.029986545,,,,,,,
1.72,-0.032343727,,,,,,,
1.722,-0.034539125,,,,,,,
1.724,-0.036565796,,,,,,,
1.726,-0.038417901,,,,,,,
1.728,-0.040090814,,,,,,,
1.73,-0.041581214,,,,,,,
1.732,-0.042887187,,,,,,,
1.734,-0.044008317,,,,,,,
1.736,-0.044945772,,,,,,,
1.738,-0.045702372,,,,,,,
1.74,-0.046282614,,,,,,,
1.742,-0.046692674,,,,,,,
1.744,-0.046940354,,,,,,,
1.746,-0.047034989,,,,,,,
1.748,-0.046987316,,,,,,,
1.75,-0.046809315,,,,,,,
1.752,-0.046514027,,,,,,,
1.754,-0.046115343,,,,,,,
1.756,-0.045627785,,,,,,,
1.758,-0.045066253,,,,,,,
1.76,-0.044445757,,,,,,,
1.762,-0.043781114,,,,,,,
1.764,-0.043086645,,,,,,,
1.766,-0.042375855,,,,,,,
1.768,-0.041661136,,,,,,,
1.77,-0.040953505,,,,,,,
1.772,-0.040262383,,,,,,,
1.774,-0.039595434,,,,,,,
1.776,-0.038958471,,,,,,,
1.778,-0.038355416,,,,,,,
1.78,-0.037788306,,,,,,,
1.782,-0.037257363,,,,,,,
1.784,-0.036761088,,,,,,,
1.786,-0.036296407,,,,,,,
1.788,-0.035858861,,,,,,,
1.79,-0.035442832,,,,,,,
1.792,-0.03504181,,,,,,,
1.794,-0.0346487,,,,,,,
1.796,-0.034256135,,,,,,,
1.798,-0.033856796,,,,,,,
1.8,-0.033443717,,,,,,,
1.802,-0.03301055,,,,,,,
1.804,-0.032551793,,,,,,,
1.806,-0.032062975,,,,,,,
1.808,-0.031540792,,,,,,,
1.81,-0.030983211,,,,,,,
1.812,-0.030389536,,,,,,,
1.814,-0.029760441,,,,,,,
1.816,-0.029097973,,,,,,,
1.818,-0.028405503,,,,,,,
1.82,-0.027687653,,,,,,,
1.822,-0.026950156,,,,,,,
1.824,-0.026199697,,,,,,,
1.826,-0.025443709,,,,,,,
1.828,-0.024690158,,,,,,,
1.83,-0.023947323,,,,,,,
1.832,-0.023223588,,,,,,,
1.834,-0.022527246,,,,,,,
1.836,-0.021866324,,,,,,,
1.838,-0.021248436,,,,,,,
1.84,-0.020680642,,,,,,,
1.842,-0.020169329,,,,,,,
1.844,-0.019720115,,,,,,,
1.846,-0.019337776,,,,,,,
1.848,-0.019026208,,,,,,,
1.85,-0.018788437,,,,,,,
1.852,-0.018626671,,,,,,,
1.854,-0.018542395,,,,,,,
1.856,-0.018536502,,,,,,,
1.858,-0.018609439,,,,,,,
1.86,-0.018761357,,,,,,,
1.862,-0.01899224,,,,,,,
1.864,-0.019302017,,,,,,,
1.866,-0.019690643,,,,,,,
1.868,-0.020158147,,,,,,,
1.87,-0.020704668,,,,,,,
1.872,-0.021330467,,,,,,,
1.874,-0.02203593,,,,,,,
1.876,-0.02282155,,,,,,,
1.878,-0.023687905,,,,,,,
1.88,-0.024635605,,,,,,,
1.882,-0.02566523,,,,,,,
1.884,-0.026777246,,,,,,,
1.886,-0.027971918,,,,,,,
1.888,-0.029249223,,,,,,,
1.89,-0.030608788,,,,,,,
1.892,-0.032049835,,,,,,,
1.894,-0.033571161,,,,,,,
1.896,-0.035171138,,,,,,,
1.898,-0.036847729,,,,,,,
1.9,-0.03859851,,,,,,,
1.902,-0.0404207,,,,,,,
1.904,-0.042311191,,,,,,,
1.906,-0.044266577,,,,,,,
1.908,-0.046283205,,,,,,,
1.91,-0.048357226,,,,,,,
1.912,-0.050484677,,,,,,,
1.914,-0.052661566,,,,,,,
1.916,-0.054883974,,,,,,,
1.918,-0.057148153,,,,,,,
1.92,-0.059450599,,,,,,,
1.922,-0.061788119,,,,,,,
1.924,-0.064157865,,,,,,,
1.926,-0.066557348,,,,,,,
1.928,-0.068984443,,,,,,,
1.93,-0.071437389,,,,,,,
1.932,-0.073914792,,,,,,,
1.934,-0.076415624,,,,,,,
1.936,-0.07893923,,,,,,,
1.938,-0.081485319,,,,,,,
1.94,-0.084053938,,,,,,,
1.942,-0.086645426,,,,,,,
1.944,-0.089260345,,,,,,,
1.946,-0.091899389,,,,,,,
1.948,-0.094563294,,,,,,,
1.95,-0.097252758,,,,,,,
1.952,-0.099968372,,,,,,,
1.954,-0.102710587,,,,,,,
1.956,-0.105479698,,,,,,,
1.958,-0.108275861,,,,,,,
1.96,-0.111099124,,,,,,,
1.962,-0.113949471,,,,,,,
1.964,-0.116826877,,,,,,,
1.966,-0.119731381,,,,,,,
1.968,-0.122663166,,,,,,,
1.97,-0.12562267,,,,,,,
1.972,-0.128610701,,,,,,,
1.974,-0.131628569,,,,,,,
1.976,-0.134678221,,,,,,,
1.978,-0.137762358,,,,,,,
1.98,-0.14088452,,,,,,,
1.982,-0.144049147,,,,,,,
1.984,-0.147261581,,,,,,,
1.986,-0.150528035,,,,,,,
1.988,-0.153855523,,,,,,,
1.99,-0.157251753,,,,,,,
1.992,-0.160724995,,,,,,,
1.994,-0.164283918,,,,,,,
1.996,-0.167937381,,,,,,,
1.998,-0.171694201,,,,,,,
2,-0.175562855,,,,,,,
2.002,-0.179551149,,,,,,,
2.004,-0.183665831,,,,,,,
2.006,-0.187912189,,,,,,,
2.008,-0.192293625,,,,,,,
2.01,-0.196811234,,,,,,,
2.012,-0.201463411,,,,,,,
2.014,-0.20624548,,,,,,,
2.016,-0.211149373,,,,,,,
2.018,-0.216163349,,,,,,,
2.02,-0.221271759,,,,,,,
2.022,-0.226454865,,,,,,,
2.024,-0.231688712,,,,,,,
2.026,-0.236945074,,,,,,,
2.028,-0.242191473,,,,,,,
2.03,-0.24739129,,,,,,,
2.032,-0.252503973,,,,,,,
2.034,-0.257485331,,,,,,,
2.036,-0.262287925,,,,,,,
2.038,-0.266861518,,,,,,,
2.04,-0.271153589,,,,,,,
2.042,-0.275109887,,,,,,,
2.044,-0.278675006,,,,,,,
2.046,-0.281792988,,,,,,,
2.048,-0.284407945,,,,,,,
2.05,-0.286464689,,,,,,,
2.052,-0.287909374,,,,,,,
2.054,-0.28869014,,,,,,,
2.056,-0.288757743,,,,,,,
2.058,-0.288066158,,,,,,,
2.06,-0.286573144,,,,,,,
2.062,-0.284240758,,,,,,,
2.064,-0.281035812,,,,,,,
2.066,-0.276930274,,,,,,,
2.068,-0.271901629,,,,,,,
2.07,-0.26593318,,,,,,,
2.072,-0.259014315,,,,,,,
2.074,-0.251140724,,,,,,,
2.076,-0.242314557,,,,,,,
2.078,-0.232544528,,,,,,,
2.08,-0.221845931,,,,,,,
2.082,-0.210240586,,,,,,,
2.084,-0.197756697,,,,,,,
2.086,-0.184428643,,,,,,,
2.088,-0.170296703,,,,,,,
2.09,-0.155406732,,,,,,,
2.092,-0.139809791,,,,,,,
2.094,-0.12356174,,,,,,,
2.096,-0.106722796,,,,,,,
2.098,-0.089357049,,,,,,,
2.1,-0.071531922,,,,,,,
2.102,-0.053317592,,,,,,,
2.104,-0.034786349,,,,,,,
2.106,-0.016011928,,,,,,,
2.108,0.002931206,,,,,,,
2.11,0.021968576,,,,,,,
2.112,0.041026429,,,,,,,
2.114,0.060032458,,,,,,,
2.116,0.078916509,,,,,,,
2.118,0.097611275,,,,,,,
2.12,0.11605295,,,,,,,
2.122,0.134181857,,,,,,,
2.124,0.151943013,,,,,,,
2.126,0.169286629,,,,,,,
2.128,0.186168521,,,,,,,
2.13,0.202550414,,,,,,,
2.132,0.218400138,,,,,,,
2.134,0.233691703,,,,,,,
2.136,0.248405257,,,,,,,
2.138,0.262526954,,,,,,,
2.14,0.276048717,,,,,,,
2.142,0.288967927,,,,,,,
2.144,0.301287042,,,,,,,
2.146,0.313013136,,,,,,,
2.148,0.324157384,,,,,,,
2.15,0.334734476,,,,,,,
2.152,0.344761978,,,,,,,
2.154,0.35425966,,,,,,,
2.156,0.363248798,,,,,,,
2.158,0.371751474,,,,,,,
2.16,0.379789912,,,,,,,
2.162,0.38738584,,,,,,,
2.164,0.394559919,,,,,,,
2.166,0.40133122,,,,,,,
2.168,0.407716762,,,,,,,
2.17,0.413731114,,,,,,,
2.172,0.419386048,,,,,,,
2.174,0.424690258,,,,,,,
2.176,0.429649148,,,,,,,
2.178,0.434264697,,,,,,,
2.18,0.438535421,,,,,,,
2.182,0.442456416,,,,,,,
2.184,0.446019504,,,,,,,
2.186,0.449213449,,,,,,,
2.188,0.452024253,,,,,,,
2.19,0.454435497,,,,,,,
2.192,0.456428728,,,,,,,
2.194,0.457983871,,,,,,,
2.196,0.459079675,,,,,,,
2.198,0.459694176,,,,,,,
2.2,0.459805178,,,,,,,
2.202,0.459390761,,,,,,,
2.204,0.458429792,,,,,,,
2.206,0.456902427,,,,,,,
2.208,0.454790606,,,,,,,
2.21,0.452078518,,,,,,,
2.212,0.448753022,,,,,,,
2.214,0.444804034,,,,,,,
2.216,0.440224877,,,,,,,
2.218,0.435012587,,,,,,,
2.22,0.429168196,,,,,,,
2.222,0.422696981,,,,,,,
2.224,0.415608672,,,,,,,
2.226,0.407917623,,,,,,,
2.228,0.399642915,,,,,,,
2.23,0.3908084,,,,,,,
2.232,0.381442664,,,,,,,
2.234,0.371578914,,,,,,,
2.236,0.361254799,,,,,,,
2.238,0.350512164,,,,,,,
2.24,0.339396752,,,,,,,
2.242,0.327957867,,,,,,,
2.244,0.31624799,,,,,,,
2.246,0.304322346,,,,,,,
2.248,0.292238428,,,,,,,
2.25,0.280055472,,,,,,,
2.252,0.267833867,,,,,,,
2.254,0.255634539,,,,,,,
2.256,0.243518288,,,,,,,
2.258,0.23154512,,,,,,,
2.26,0.219773575,,,,,,,
2.262,0.208260076,,,,,,,
2.264,0.197058298,,,,,,,
2.266,0.186218569,,,,,,,
2.268,0.175787292,,,,,,,
2.27,0.165806401,,,,,,,
2.272,0.156312849,,,,,,,
2.274,0.147338137,,,,,,,
2.276,0.138907898,,,,,,,
2.278,0.131041555,,,,,,,
2.28,0.12375206,,,,,,,
2.282,0.117045737,,,,,,,
2.284,0.110922222,,,,,,,
2.286,0.105374508,,,,,,,
2.288,0.100389083,,,,,,,
2.29,0.09594617,,,,,,,
2.292,0.092020038,,,,,,,
2.294,0.088579405,,,,,,,
2.296,0.085587926,,,,,,,
2.298,0.083004755,,,,,,,
2.3,0.080785193,,,,,,,
2.302,0.078881416,,,,,,,
2.304,0.077243261,,,,,,,
2.306,0.075819054,,,,,,,
2.308,0.074556463,,,,,,,
2.31,0.073403349,,,,,,,
2.312,0.072308594,,,,,,,
2.314,0.071222892,,,,,,,
2.316,0.070099504,,,,,,,
2.318,0.068894949,,,,,,,
2.32,0.067569651,,,,,,,
2.322,0.066088516,,,,,,,
2.324,0.064421442,,,,,,,
2.326,0.062543724,,,,,,,
2.328,0.060436371,,,,,,,
2.33,0.058086281,,,,,,,
2.332,0.055486303,,,,,,,
2.334,0.052635161,,,,,,,
2.336,0.049537249,,,,,,,
2.338,0.046202325,,,,,,,
2.34,0.042645099,,,,,,,
2.342,0.038884748,,,,,,,
2.344,0.034944356,,,,,,,
2.346,0.030850307,,,,,,,
2.348,0.026631625,,,,,,,
2.35,0.022319289,,,,,,,
2.352,0.017945533,,,,,,,
2.354,0.013543147,,,,,,,
2.356,0.00914481,,,,,,,
2.358,0.004782466,,,,,,,
2.36,0.00048677,,,,,,,
2.362,-0.003713383,,,,,,,
2.364,-0.007791253,,,,,,,
2.366,-0.011722564,,,,,,,
2.368,-0.015485738,,,,,,,
2.37,-0.019062074,,,,,,,
2.372,-0.022435862,,,,,,,
2.374,-0.025594452,,,,,,,
2.376,-0.028528273,,,,,,,
2.378,-0.031230797,,,,,,,
2.38,-0.033698452,,,,,,,
2.382,-0.035930486,,,,,,,
2.384,-0.037928789,,,,,,,
2.386,-0.039697683,,,,,,,
2.388,-0.041243698,,,,,,,
2.39,-0.042575345,,,,,,,
2.392,-0.043702892,,,,,,,
2.394,-0.044638156,,,,,,,
2.396,-0.045394297,,,,,,,
2.398,-0.045985616,,,,,,,
2.4,-0.046427355,,,,,,,
2.402,-0.046735486,,,,,,,
2.404,-0.046926499,,,,,,,
2.406,-0.047017192,,,,,,,
2.408,-0.047024473,,,,,,,
2.41,-0.046965186,,,,,,,
2.412,-0.046855952,,,,,,,
2.414,-0.046713046,,,,,,,
2.416,-0.046552287,,,,,,,
2.418,-0.046388941,,,,,,,
2.42,-0.046237628,,,,,,,
2.422,-0.04611222,,,,,,,
2.424,-0.046025741,,,,,,,
2.426,-0.045990261,,,,,,,
2.428,-0.046016797,,,,,,,
2.43,-0.046115219,,,,,,,
2.432,-0.046294182,,,,,,,
2.434,-0.04656106,,,,,,,
2.436,-0.046921897,,,,,,,
2.438,-0.04738137,,,,,,,
2.44,-0.047942744,,,,,,,
2.442,-0.048607842,,,,,,,
2.444,-0.049377009,,,,,,,
2.446,-0.050249104,,,,,,,
2.448,-0.051221516,,,,,,,
2.45,-0.0522902,,,,,,,
2.452,-0.053449768,,,,,,,
2.454,-0.054693602,,,,,,,
2.456,-0.056013992,,,,,,,
2.458,-0.057402299,,,,,,,
2.46,-0.058849114,,,,,,,
2.462,-0.060344429,,,,,,,
2.464,-0.061877798,,,,,,,
2.466,-0.063438505,,,,,,,
2.468,-0.065015745,,,,,,,
2.47,-0.066598814,,,,,,,
2.472,-0.068177315,,,,,,,
2.474,-0.069741375,,,,,,,
2.476,-0.07128185,,,,,,,
2.478,-0.072790518,,,,,,,
2.48,-0.074260237,,,,,,,
2.482,-0.075685061,,,,,,,
2.484,-0.077060307,,,,,,,
2.486,-0.078382579,,,,,,,
2.488,-0.079649757,,,,,,,
2.49,-0.080860958,,,,,,,
2.492,-0.082016462,,,,,,,
2.494,-0.083117633,,,,,,,
2.496,-0.084166806,,,,,,,
2.498,-0.085167154,,,,,,,
2.5,-0.086122538,,,,,,,
2.502,-0.087037327,,,,,,,
2.504,-0.087916217,,,,,,,
2.506,-0.088764049,,,,,,,
2.508,-0.089585643,,,,,,,
2.51,-0.090385668,,,,,,,
2.512,-0.091168542,,,,,,,
2.514,-0.09193838,,,,,,,
2.516,-0.092698972,,,,,,,
2.518,-0.093453787,,,,,,,
2.52,-0.094206001,,,,,,,
2.522,-0.094958533,,,,,,,
2.524,-0.095714089,,,,,,,
2.526,-0.096475221,,,,,,,
2.528,-0.097244397,,,,,,,
2.53,-0.098024079,,,,,,,
2.532,-0.098816821,,,,,,,
2.534,-0.099625363,,,,,,,
2.536,-0.100452725,,,,,,,
2.538,-0.101302274,,,,,,,
2.54,-0.102177762,,,,,,,
2.542,-0.103083326,,,,,,,
2.544,-0.104023448,,,,,,,
2.546,-0.105002887,,,,,,,
2.548,-0.106026581,,,,,,,
2.55,-0.107099538,,,,,,,
2.552,-0.10822672,,,,,,,
2.554,-0.109412911,,,,,,,
2.556,-0.110662588,,,,,,,
2.558,-0.111979773,,,,,,,
2.56,-0.113367869,,,,,,,
2.562,-0.114829482,,,,,,,
2.564,-0.116366245,,,,,,,
2.566,-0.117978632,,,,,,,
2.568,-0.119665809,,,,,,,
2.57,-0.121425496,,,,,,,
2.572,-0.123253893,,,,,,,
2.574,-0.125145635,,,,,,,
2.576,-0.1270938,,,,,,,
2.578,-0.129089964,,,,,,,
2.58,-0.131124282,,,,,,,
2.582,-0.133185612,,,,,,,
2.584,-0.135261675,,,,,,,
2.586,-0.13733925,,,,,,,
2.588,-0.139404407,,,,,,,
2.59,-0.14144278,,,,,,,
2.592,-0.14343987,,,,,,,
2.594,-0.145381364,,,,,,,
2.596,-0.147253451,,,,,,,
2.598,-0.149043129,,,,,,,
2.6,-0.150738473,,,,,,,
2.602,-0.152328864,,,,,,,
2.604,-0.153805172,,,,,,,
2.606,-0.15515991,,,,,,,
2.608,-0.156387355,,,,,,,
2.61,-0.157483654,,,,,,,
2.612,-0.158446915,,,,,,,
2.614,-0.159277291,,,,,,,
2.616,-0.159977053,,,,,,,
2.618,-0.160550631,,,,,,,
2.62,-0.161004642,,,,,,,
2.622,-0.161347875,,,,,,,
2.624,-0.161591255,,,,,,,
2.626,-0.161747774,,,,,,,
2.628,-0.161832409,,,,,,,
2.63,-0.161862033,,,,,,,
2.632,-0.161855305,,,,,,,
2.634,-0.16183256,,,,,,,
2.636,-0.161815671,,,,,,,
2.638,-0.161827893,,,,,,,
2.64,-0.161893655,,,,,,,
2.642,-0.162038326,,,,,,,
2.644,-0.162287924,,,,,,,
2.646,-0.162668794,,,,,,,
2.648,-0.163207262,,,,,,,
2.65,-0.163929256,,,,,,,
2.652,-0.164859917,,,,,,,
2.654,-0.166023191,,,,,,,
2.656,-0.16744141,,,,,,,
2.658,-0.169134846,,,,,,,
2.66,-0.171121256,,,,,,,
2.662,-0.173415406,,,,,,,
2.664,-0.176028594,,,,,,,
2.666,-0.178968189,,,,,,,
2.668,-0.182237185,,,,,,,
2.67,-0.185833806,,,,,,,
2.672,-0.189751159,,,,,,,
2.674,-0.19397694,,,,,,,
2.676,-0.198493204,,,,,,,
2.678,-0.203276192,,,,,,,
2.68,-0.208296229,,,,,,,
2.682,-0.213517679,,,,,,,
2.684,-0.218898997,,,,,,,
2.686,-0.224392861,,,,,,,
2.688,-0.229946421,,,,,,,
2.69,-0.235501654,,,,,,,
2.692,-0.240995838,,,,,,,
2.694,-0.246362131,,,,,,,
2.696,-0.251530246,,,,,,,
2.698,-0.256427203,,,,,,,
2.7,-0.260978141,,,,,,,
2.702,-0.26510717,,,,,,,
2.704,-0.268738264,,,,,,,
2.706,-0.271796166,,,,,,,
2.708,-0.274207326,,,,,,,
2.71,-0.275900836,,,,,,,
2.712,-0.276809371,,,,,,,
2.714,-0.276870103,,,,,,,
2.716,-0.276025578,,,,,,,
2.718,-0.274224525,,,,,,,
2.72,-0.271422581,,,,,,,
2.722,-0.267582903,,,,,,,
2.724,-0.262676676,,,,,,,
2.726,-0.256683492,,,,,,,
2.728,-0.249591619,,,,,,,
2.73,-0.24139814,,,,,,,
2.732,-0.232108981,,,,,,,
2.734,-0.221738823,,,,,,,
2.736,-0.210310885,,,,,,,
2.738,-0.19785659,,,,,,,
2.74,-0.184415106,,,,,,,
2.742,-0.170032771,,,,,,,
2.744,-0.154762421,,,,,,,
2.746,-0.13866263,,,,,,,
2.748,-0.121796903,,,,,,,
2.75,-0.104232828,,,,,,,
2.752,-0.086041223,,,,,,,
2.754,-0.067295276,,,,,,,
2.756,-0.048069713,,,,,,,
2.758,-0.028439978,,,,,,,
2.76,-0.008481453,,,,,,,
2.762,0.01173129,,,,,,,
2.764,0.03212517,,,,,,,
2.766,0.052629219,,,,,,,
2.768,0.073175104,,,,,,,
2.77,0.093697573,,,,,,,
2.772,0.114134788,,,,,,,
2.774,0.134428578,,,,,,,
2.776,0.154524596,,,,,,,
2.778,0.174372417,,,,,,,
2.78,0.193925575,,,,,,,
2.782,0.213141553,,,,,,,
2.784,0.231981732,,,,,,,
2.786,0.250411295,,,,,,,
2.788,0.268399094,,,,,,,
2.79,0.285917473,,,,,,,
2.792,0.302942052,,,,,,,
2.794,0.319451493,,,,,,,
2.796,0.335427238,,,,,,,
2.798,0.350853257,,,,,,,
2.8,0.365715801,,,,,,,
2.802,0.380003182,,,,,,,
2.804,0.39370556,,,,,,,
2.806,0.406814766,,,,,,,
2.808,0.419324125,,,,,,,
2.81,0.431228299,,,,,,,
2.812,0.442523133,,,,,,,
2.814,0.453205515,,,,,,,
2.816,0.463273253,,,,,,,
2.818,0.472724967,,,,,,,
2.82,0.48156001,,,,,,,
2.822,0.489778405,,,,,,,
2.824,0.497380803,,,,,,,
2.826,0.504368445,,,,,,,
2.828,0.510743115,,,,,,,
2.83,0.516507095,,,,,,,
2.832,0.521663104,,,,,,,
2.834,0.526214233,,,,,,,
2.836,0.530163891,,,,,,,
2.838,0.533515765,,,,,,,
2.84,0.536273824,,,,,,,
2.842,0.538442343,,,,,,,
2.844,0.540025977,,,,,,,
2.846,0.54102985,,,,,,,
2.848,0.541459668,,,,,,,
2.85,0.541321831,,,,,,,
2.852,0.540623546,,,,,,,
2.854,0.539372927,,,,,,,
2.856,0.537579098,,,,,,,
2.858,0.535252288,,,,,,,
2.86,0.532403932,,,,,,,
2.862,0.52904677,,,,,,,
2.864,0.525194941,,,,,,,
2.866,0.520864065,,,,,,,
2.868,0.516071299,,,,,,,
2.87,0.510835357,,,,,,,
2.872,0.505176501,,,,,,,
2.874,0.499116488,,,,,,,
2.876,0.492678492,,,,,,,
2.878,0.485886997,,,,,,,
2.88,0.478767685,,,,,,,
2.882,0.471347298,,,,,,,
2.884,0.463653501,,,,,,,
2.886,0.455714707,,,,,,,
2.888,0.447559898,,,,,,,
2.89,0.439218408,,,,,,,
2.892,0.430719689,,,,,,,
2.894,0.422093058,,,,,,,
2.896,0.413367446,,,,,,,
2.898,0.404571153,,,,,,,
2.9,0.395731619,,,,,,,
2.902,0.386875227,,,,,,,
2.904,0.378027117,,,,,,,
2.906,0.369211032,,,,,,,
2.908,0.360449158,,,,,,,
2.91,0.351761986,,,,,,,
2.912,0.343168176,,,,,,,
2.914,0.33468443,,,,,,,
2.916,0.326325396,,,,,,,
2.918,0.318103594,,,,,,,
2.92,0.310029385,,,,,,,
2.922,0.302110977,,,,,,,
2.924,0.294354459,,,,,,,
2.926,0.286763866,,,,,,,
2.928,0.279341248,,,,,,,
2.93,0.272086743,,,,,,,
2.932,0.264998651,,,,,,,
2.934,0.258073503,,,,,,,
2.936,0.251306138,,,,,,,
2.938,0.244689791,,,,,,,
2.94,0.238216204,,,,,,,
2.942,0.231875751,,,,,,,
2.944,0.225657589,,,,,,,
2.946,0.219549825,,,,,,,
2.948,0.213539679,,,,,,,
2.95,0.207613659,,,,,,,
2.952,0.201757735,,,,,,,
2.954,0.195957515,,,,,,,
2.956,0.190198432,,,,,,,
2.958,0.184465957,,,,,,,
2.96,0.178745825,,,,,,,
2.962,0.173024288,,,,,,,
2.964,0.167288393,,,,,,,
2.966,0.161526258,,,,,,,
2.968,0.155727353,,,,,,,
2.97,0.149882768,,,,,,,
2.972,0.143985462,,,,,,,
2.974,0.138030488,,,,,,,
2.976,0.132015197,,,,,,,
2.978,0.125939418,,,,,,,
2.98,0.119805619,,,,,,,
2.982,0.113619038,,,,,,,
2.984,0.107387775,,,,,,,
2.986,0.101122843,,,,,,,
2.988,0.094838145,,,,,,,
2.99,0.088550398,,,,,,,
2.992,0.082278964,,,,,,,
2.994,0.076045624,,,,,,,
2.996,0.069874283,,,,,,,
2.998,0.063790615,,,,,,,
3,0.057821679,,,,,,,
3.002,0.051995486,,,,,,,
3.004,0.046340538,,,,,,,
3.006,0.040885338,,,,,,,
3.008,0.035657866,,,,,,,
3.01,0.030685038,,,,,,,
3.012,0.025992146,,,,,,,
3.014,0.021602314,,,,,,,
3.016,0.017535969,,,,,,,
3.018,0.013810367,,,,,,,
3.02,0.010439178,,,,,,,
3.022,0.00743215,,,,,,,
3.024,0.004794856,,,,,,,
3.026,0.002528516,,,,,,,
3.028,0.000629902,,,,,,,
3.03,-0.000908685,,,,,,,
3.032,-0.002099362,,,,,,,
3.034,-0.002958537,,,,,,,
3.036,-0.003506701,,,,,,,
3.038,-0.003768135,,,,,,,
3.04,-0.003770533,,,,,,,
3.042,-0.003544544,,,,,,,
3.044,-0.003123258,,,,,,,
3.046,-0.002541634,,,,,,,
3.048,-0.001835909,,,,,,,
3.05,-0.001042993,,,,,,,
3.052,-0.000199864,,,,,,,
3.054,0.000657012,,,,,,,
3.056,0.001492259,,,,,,,
3.058,0.002272133,,,,,,,
3.06,0.002965041,,,,,,,
3.062,0.003542024,,,,,,,
3.064,0.00397718,,,,,,,
3.066,0.004248017,,,,,,,
3.068,0.004335726,,,,,,,
3.07,0.004225351,,,,,,,
3.072,0.003905869,,,,,,,
3.074,0.003370169,,,,,,,
3.076,0.002614955,,,,,,,
3.078,0.001640587,,,,,,,
3.08,0.000450868,,,,,,,
3.082,-0.000947195,,,,,,,
3.084,-0.002543653,,,,,,,
3.086,-0.004325892,,,,,,,
3.088,-0.006278932,,,,,,,
3.09,-0.008385726,,,,,,,
3.092,-0.010627472,,,,,,,
3.094,-0.012983931,,,,,,,
3.096,-0.015433732,,,,,,,
3.098,-0.017954676,,,,,,,
3.1,-0.020524026,,,,,,,
3.102,-0.023118783,,,,,,,
3.104,-0.025715962,,,,,,,
3.106,-0.028292875,,,,,,,
3.108,-0.030827419,,,,,,,
3.11,-0.033298385,,,,,,,
3.112,-0.035685774,,,,,,,
3.114,-0.03797113,,,,,,,
3.116,-0.040137857,,,,,,,
3.118,-0.042171523,,,,,,,
3.12,-0.04406014,,,,,,,
3.122,-0.045794402,,,,,,,
3.124,-0.047367886,,,,,,,
3.126,-0.048777225,,,,,,,
3.128,-0.050022232,,,,,,,
3.13,-0.051106004,,,,,,,
3.132,-0.052034985,,,,,,,
3.134,-0.052818978,,,,,,,
3.136,-0.053471117,,,,,,,
3.138,-0.054007767,,,,,,,
3.14,-0.05444836,,,,,,,
3.142,-0.054815162,,,,,,,
3.144,-0.055132988,,,,,,,
3.146,-0.055428861,,,,,,,
3.148,-0.055731639,,,,,,,
3.15,-0.056071618,,,,,,,
3.152,-0.056480119,,,,,,,
3.154,-0.056989058,,,,,,,
3.156,-0.057630497,,,,,,,
3.158,-0.058436184,,,,,,,
3.16,-0.059437065,,,,,,,
3.162,-0.060662788,,,,,,,
3.164,-0.062141206,,,,,,,
3.166,-0.063897897,,,,,,,
3.168,-0.065955718,,,,,,,
3.17,-0.068334404,,,,,,,
3.172,-0.071050237,,,,,,,
3.174,-0.074115771,,,,,,,
3.176,-0.077539627,,,,,,,
3.178,-0.081326349,,,,,,,
3.18,-0.085476317,,,,,,,
3.182,-0.089985724,,,,,,,
3.184,-0.094846608,,,,,,,
3.186,-0.100046958,,,,,,,
3.188,-0.105570876,,,,,,,
3.19,-0.111398823,,,,,,,
3.192,-0.117507917,,,,,,,
3.194,-0.123872289,,,,,,,
3.196,-0.130463475,,,,,,,
3.198,-0.137250829,,,,,,,
3.2,-0.144201954,,,,,,,
3.202,-0.151283124,,,,,,,
3.204,-0.158459713,,,,,,,
3.206,-0.165696619,,,,,,,
3.208,-0.172958684,,,,,,,
3.21,-0.180211116,,,,,,,
3.212,-0.187419894,,,,,,,
3.214,-0.194552161,,,,,,,
3.216,-0.201576578,,,,,,,
3.218,-0.208463639,,,,,,,
3.22,-0.21518592,,,,,,,
3.222,-0.221718282,,,,,,,
3.224,-0.228038014,,,,,,,
3.226,-0.234124932,,,,,,,
3.228,-0.239961444,,,,,,,
3.23,-0.245532595,,,,,,,
3.232,-0.25082609,,,,,,,
3.234,-0.2558323,,,,,,,
3.236,-0.260544257,,,,,,,
3.238,-0.264957624,,,,,,,
3.24,-0.269070638,,,,,,,
3.242,-0.272884041,,,,,,,
3.244,-0.276400994,,,,,,,
3.246,-0.279626983,,,,,,,
3.248,-0.282569736,,,,,,,
3.25,-0.285239142,,,,,,,
