Time (Seconds),Amplitude (Volts) [Filtered 0.3-10.0Hz],,,Time (Seconds),,,Amplitude (Volts) [Filtered 0.3-10.0Hz]
0.002,0.090017537,,,9867,,,-0.090017537
0.004,0.096590661,,,9868,,,-0.096590661
0.006,0.102856231,,,9869,,,-0.102856231
0.008,0.108794647,,,9870,,,-0.108794647
0.01,0.114387915,,,9871,,-1,-0.114387915
0.012,0.119620328,,,9872,,,-0.119620328
0.014,0.124479192,,,9873,,,-0.124479192
0.016,0.128956441,,,9874,,,-0.128956441
0.018,0.133050718,,,9875,,,-0.133050718
0.02,0.13676789,,,9876,,,-0.13676789
0.022,0.14011927,,,9877,,,-0.14011927
0.024,0.143119048,,,9878,,,-0.143119048
0.026,0.14578261,,,9879,,,-0.14578261
0.028,0.148126144,,,9880,,,-0.148126144
0.03,0.150166983,,,9881,,,-0.150166983
0.032,0.151923629,,,9882,,,-0.151923629
0.034,0.153414874,,,9883,,,-0.153414874
0.036,0.154659176,,,9884,,,-0.154659176
0.038,0.155675908,,,9885,,,-0.155675908
0.04,0.156488024,,,9886,,,-0.156488024
0.042,0.157124147,,,9887,,,-0.157124147
0.044,0.157618324,,,9888,,,-0.157618324
0.046,0.158007446,,,9889,,,-0.158007446
0.048,0.158328005,,,9890,,,-0.158328005
0.05,0.158613938,,,9891,,,-0.158613938
0.052,0.158895954,,,9892,,,-0.158895954
0.054,0.159201095,,,9893,,,-0.159201095
0.056,0.159551466,,,9894,,,-0.159551466
0.058,0.159962888,,,9895,,,-0.159962888
0.06,0.160444812,,,9896,,,-0.160444812
0.062,0.161001196,,,9897,,,-0.161001196
0.064,0.161630814,,,9898,,,-0.161630814
0.066,0.162326745,,,9899,,,-0.162326745
0.068,0.163076435,,,9900,,,-0.163076435
0.07,0.163862817,,,9901,,,-0.163862817
0.072,0.164665861,,,9902,,,-0.164665861
0.074,0.165463949,,,9903,,,-0.165463949
0.076,0.166234559,,,9904,,,-0.166234559
0.078,0.166954423,,,9905,,,-0.166954423
0.08,0.167600238,,,9906,,,-0.167600238
0.082,0.168150357,,,9907,,,-0.168150357
0.084,0.168586147,,,9908,,,-0.168586147
0.086,0.168891612,,,9909,,,-0.168891612
0.088,0.169051931,,,9910,,,-0.169051931
0.09,0.169052344,,,9911,,,-0.169052344
0.092,0.168878061,,,9912,,,-0.168878061
0.094,0.168515348,,,9913,,,-0.168515348
0.096,0.167953242,,,9914,,,-0.167953242
0.098,0.167184784,,,9915,,,-0.167184784
0.1,0.166207715,,,9916,,,-0.166207715
0.102,0.165025123,,,9917,,,-0.165025123
0.104,0.16364571,,,9918,,,-0.16364571
0.106,0.162083095,,,9919,,,-0.162083095
0.108,0.160354467,,,9920,,,-0.160354467
0.11,0.158479653,,,9921,,,-0.158479653
0.112,0.156481043,,,9922,,,-0.156481043
0.114,0.154383319,,,9923,,,-0.154383319
0.116,0.152212288,,,9924,,,-0.152212288
0.118,0.149993408,,,9925,,,-0.149993408
0.12,0.147750033,,,9926,,,-0.147750033
0.122,0.145501213,,,9927,,,-0.145501213
0.124,0.143259902,,,9928,,,-0.143259902
0.126,0.14103173,,,9929,,,-0.14103173
0.128,0.138813908,,,9930,,,-0.138813908
0.13,0.136595194,,,9931,,,-0.136595194
0.132,0.13435739,,,9932,,,-0.13435739
0.134,0.132077186,,,9933,,,-0.132077186
0.136,0.129728011,,,9934,,,-0.129728011
0.138,0.127282593,,,9935,,,-0.127282593
0.14,0.124715398,,,9936,,,-0.124715398
0.142,0.122003575,,,9937,,,-0.122003575
0.144,0.119127177,,,9938,,,-0.119127177
0.146,0.116070102,,,9939,,,-0.116070102
0.148,0.112821741,,,9940,,,-0.112821741
0.15,0.109378655,,,9941,,,-0.109378655
0.152,0.105745678,,,9942,,,-0.105745678
0.154,0.101935949,,,9943,,,-0.101935949
0.156,0.097969912,,,9944,,,-0.097969912
0.158,0.093873936,,,9945,,,-0.093873936
0.16,0.089679041,,,9946,,,-0.089679041
0.162,0.085419231,,,9947,,,-0.085419231
0.164,0.081128841,,,9948,,,-0.081128841
0.166,0.076840131,,,9949,,,-0.076840131
0.168,0.072582787,,,9950,,,-0.072582787
0.17,0.068384743,,,9951,,,-0.068384743
0.172,0.064272938,,,9952,,,-0.064272938
0.174,0.060273866,,,9953,,,-0.060273866
0.176,0.056414017,,,9954,,,-0.056414017
0.178,0.052719853,,,9955,,,-0.052719853
0.18,0.049217589,,,9956,,,-0.049217589
0.182,0.045932943,,,9957,,,-0.045932943
0.184,0.042890261,,,9958,,,-0.042890261
0.186,0.040110672,,,9959,,,-0.040110672
0.188,0.037609549,,,9960,,,-0.037609549
0.19,0.035393792,,,9961,,,-0.035393792
0.192,0.033459926,,,9962,,,-0.033459926
0.194,0.031793733,,,9963,,,-0.031793733
0.196,0.030370753,,,9964,,,-0.030370753
0.198,0.029157004,,,9965,,,-0.029157004
0.2,0.028110882,,,9966,,,-0.028110882
0.202,0.027186612,,,9967,,,-0.027186612
0.204,0.026337806,,,9968,,,-0.026337806
0.206,0.025520159,,,9969,,,-0.025520159
0.208,0.024694165,,,9970,,,-0.024694165
0.21,0.023828598,,,9971,,,-0.023828598
0.212,0.022903763,,,9972,,,-0.022903763
0.214,0.021913075,,,9973,,,-0.021913075
0.216,0.02086248,,,9974,,,-0.02086248
0.218,0.019768057,,,9975,,,-0.019768057
0.22,0.018652548,,,9976,,,-0.018652548
0.222,0.017542124,,,9977,,,-0.017542124
0.224,0.016464225,,,9978,,,-0.016464225
0.226,0.015445738,,,9979,,,-0.015445738
0.228,0.014510549,,,9980,,,-0.014510549
0.23,0.013677507,,,9981,,,-0.013677507
0.232,0.012960201,,,9982,,,-0.012960201
0.234,0.012368005,,,9983,,,-0.012368005
0.236,0.011907229,,,9984,,,-0.011907229
0.238,0.011581881,,,9985,,,-0.011581881
0.24,0.011393949,,,9986,,,-0.011393949
0.242,0.011343452,,,9987,,,-0.011343452
0.244,0.011427901,,,9988,,,-0.011427901
0.246,0.011640569,,,9989,,,-0.011640569
0.248,0.011968659,,,9990,,,-0.011968659
0.25,0.012393446,,,9991,,,-0.012393446
0.252,0.012892591,,,9992,,,-0.012892591
0.254,0.013442547,,,9993,,,-0.013442547
0.256,0.01401991,,,9994,,,-0.01401991
0.258,0.014602476,,,9995,,,-0.014602476
0.26,0.01517038,,,9996,,,-0.01517038
0.262,0.01570646,,,9997,,,-0.01570646
0.264,0.016195885,,,9998,,,-0.016195885
0.266,0.016625984,,,9999,,,-0.016625984
0.268,0.016986331,,,10000,,,-0.016986331
0.27,0.017268831,,,10001,,,-0.017268831
0.272,0.017467746,,,10002,,,-0.017467746
0.274,0.017579189,,,10003,,,-0.017579189
0.276,0.017599964,,,10004,,,-0.017599964
0.278,0.017526704,,,10005,,,-0.017526704
0.28,0.017356473,,,10006,,,-0.017356473
0.282,0.017088962,,,10007,,,-0.017088962
0.284,0.016729221,,,10008,,,-0.016729221
0.286,0.016289504,,,10009,,,-0.016289504
0.288,0.015789447,,,10010,,,-0.015789447
0.29,0.015254049,,,10011,,,-0.015254049
0.292,0.014710266,,,10012,,,-0.014710266
0.294,0.014184626,,,10013,,,-0.014184626
0.296,0.013702315,,,10014,,,-0.013702315
0.298,0.013285487,,,10015,,,-0.013285487
0.3,0.012950628,,,10016,,,-0.012950628
0.302,0.012707205,,,10017,,,-0.012707205
0.304,0.012558353,,,10018,,,-0.012558353
0.306,0.012502451,,,10019,,,-0.012502451
0.308,0.012534618,,,10020,,,-0.012534618
0.31,0.012647652,,,10021,,,-0.012647652
0.312,0.012832234,,,10022,,,-0.012832234
0.314,0.013077139,,,10023,,,-0.013077139
0.316,0.013369928,,,10024,,,-0.013369928
0.318,0.01369751,,,10025,,,-0.01369751
0.32,0.014046326,,,10026,,,-0.014046326
0.322,0.014402792,,,10027,,,-0.014402792
0.324,0.014753417,,,10028,,,-0.014753417
0.326,0.01508405,,,10029,,,-0.01508405
0.328,0.015379273,,,10030,,,-0.015379273
0.33,0.015622572,,,10031,,,-0.015622572
0.332,0.015796805,,,10032,,,-0.015796805
0.334,0.01588481,,,10033,,,-0.01588481
0.336,0.015869932,,,10034,,,-0.015869932
0.338,0.015736382,,,10035,,,-0.015736382
0.34,0.015469939,,,10036,,,-0.015469939
0.342,0.015059158,,,10037,,,-0.015059158
0.344,0.014496591,,,10038,,,-0.014496591
0.346,0.013779589,,,10039,,,-0.013779589
0.348,0.012910396,,,10040,,,-0.012910396
0.35,0.011896041,,,10041,,,-0.011896041
0.352,0.010748534,,,10042,,,-0.010748534
0.354,0.009484739,,,10043,,,-0.009484739
0.356,0.008125583,,,10044,,,-0.008125583
0.358,0.006695009,,,10045,,,-0.006695009
0.36,0.005218378,,,10046,,,-0.005218378
0.362,0.003720214,,,10047,,,-0.003720214
0.364,0.002221965,,,10048,,,-0.002221965
0.366,0.000740258,,,10049,,,-0.000740258
0.368,-0.000714089,,,10050,,,0.000714089
0.37,-0.002135418,,,10051,,,0.002135418
0.372,-0.003521084,,,10052,,,0.003521084
0.374,-0.004869921,,,10053,,,0.004869921
0.376,-0.006182553,,,10054,,,0.006182553
0.378,-0.007462837,,,10055,,,0.007462837
0.38,-0.008719226,,,10056,,,0.008719226
0.382,-0.009965114,,,10057,,,0.009965114
0.384,-0.011218184,,,10058,,,0.011218184
0.386,-0.012499182,,,10059,,,0.012499182
0.388,-0.013830204,,,10060,,,0.013830204
0.39,-0.015232991,,,10061,,,0.015232991
0.392,-0.016727629,,,10062,,,0.016727629
0.394,-0.018331076,,,10063,,,0.018331076
0.396,-0.020055487,,,10064,,,0.020055487
0.398,-0.021907374,,,10065,,,0.021907374
0.4,-0.023887594,,,10066,,,0.023887594
0.402,-0.025991529,,,10067,,,0.025991529
0.404,-0.028209926,,,10068,,,0.028209926
0.406,-0.030530689,,,10069,,,0.030530689
0.408,-0.032940598,,,10070,,,0.032940598
0.41,-0.035425875,,,10071,,,0.035425875
0.412,-0.037971086,,,10072,,,0.037971086
0.414,-0.040557049,,,10073,,,0.040557049
0.416,-0.043160088,,,10074,,,0.043160088
0.418,-0.045753686,,,10075,,,0.045753686
0.42,-0.04831014,,,10076,,,0.04831014
0.422,-0.050800188,,,10077,,,0.050800188
0.424,-0.053192173,,,10078,,,0.053192173
0.426,-0.055452734,,,10079,,,0.055452734
0.428,-0.057549308,,,10080,,,0.057549308
0.43,-0.059453829,,,10081,,,0.059453829
0.432,-0.061146167,,,10082,,,0.061146167
0.434,-0.062615954,,,10083,,,0.062615954
0.436,-0.063863429,,,10084,,,0.063863429
0.438,-0.064900285,,,10085,,,0.064900285
0.44,-0.065749959,,,10086,,,0.065749959
0.442,-0.066446544,,,10087,,,0.066446544
0.444,-0.067032472,,,10088,,,0.067032472
0.446,-0.067555388,,,10089,,,0.067555388
0.448,-0.06806448,,,10090,,,0.06806448
0.45,-0.068606271,,,10091,,,0.068606271
0.452,-0.069220277,,,10092,,,0.069220277
0.454,-0.069935857,,,10093,,,0.069935857
0.456,-0.070770755,,,10094,,,0.070770755
0.458,-0.071730888,,,10095,,,0.071730888
0.46,-0.072811649,,,10096,,,0.072811649
0.462,-0.074000805,,,10097,,,0.074000805
0.464,-0.075281791,,,10098,,,0.075281791
0.466,-0.076636405,,,10099,,,0.076636405
0.468,-0.078046605,,,10100,,,0.078046605
0.47,-0.079495047,,,10101,,,0.079495047
0.472,-0.080965133,,,10102,,,0.080965133
0.474,-0.082441937,,,10103,,,0.082441937
0.476,-0.083913288,,,10104,,,0.083913288
0.478,-0.085369601,,,10105,,,0.085369601
0.48,-0.086803235,,,10106,,,0.086803235
0.482,-0.088208627,,,10107,,,0.088208627
0.484,-0.089582617,,,10108,,,0.089582617
0.486,-0.090924307,,,10109,,,0.090924307
0.488,-0.092234628,,,10110,,,0.092234628
0.49,-0.093515578,,,10111,,,0.093515578
0.492,-0.094769008,,,10112,,,0.094769008
0.494,-0.095995604,,,10113,,,0.095995604
0.496,-0.097194551,,,10114,,,0.097194551
0.498,-0.098363441,,,10115,,,0.098363441
0.5,-0.099498171,,,10116,,,0.099498171
0.502,-0.100593482,,,10117,,,0.100593482
0.504,-0.101644057,,,10118,,,0.101644057
0.506,-0.102644918,,,10119,,,0.102644918
0.508,-0.10359093,,,10120,,,0.10359093
0.51,-0.104476643,,,10121,,,0.104476643
0.512,-0.105296531,,,10122,,,0.105296531
0.514,-0.106045014,,,10123,,,0.106045014
0.516,-0.106717011,,,10124,,,0.106717011
0.518,-0.107309416,,,10125,,,0.107309416
0.52,-0.107822239,,,10126,,,0.107822239
0.522,-0.108258857,,,10127,,,0.108258857
0.524,-0.108625793,,,10128,,,0.108625793
0.526,-0.108931244,,,10129,,,0.108931244
0.528,-0.109181542,,,10130,,,0.109181542
0.53,-0.109377459,,,10131,,,0.109377459
0.532,-0.109512966,,,10132,,,0.109512966
0.534,-0.109576376,,,10133,,,0.109576376
0.536,-0.109552402,,,10134,,,0.109552402
0.538,-0.109424451,,,10135,,,0.109424451
0.54,-0.10917668,,,10136,,,0.10917668
0.542,-0.108795766,,,10137,,,0.108795766
0.544,-0.108272865,,,10138,,,0.108272865
0.546,-0.107605299,,,10139,,,0.107605299
0.548,-0.106796963,,,10140,,,0.106796963
0.55,-0.10585738,,,10141,,,0.10585738
0.552,-0.104800288,,,10142,,,0.104800288
0.554,-0.10364235,,,10143,,,0.10364235
0.556,-0.102401936,,,10144,,,0.102401936
0.558,-0.101097774,,,10145,,,0.101097774
0.56,-0.099747418,,,10146,,,0.099747418
0.562,-0.098365556,,,10147,,,0.098365556
0.564,-0.096962766,,,10148,,,0.096962766
0.566,-0.095545541,,,10149,,,0.095545541
0.568,-0.094117564,,,10150,,,0.094117564
0.57,-0.092680909,,,10151,,,0.092680909
0.572,-0.091236243,,,10152,,,0.091236243
0.574,-0.089783091,,,10153,,,0.089783091
0.576,-0.088320519,,,10154,,,0.088320519
0.578,-0.086846327,,,10155,,,0.086846327
0.58,-0.085354555,,,10156,,,0.085354555
0.582,-0.083833841,,,10157,,,0.083833841
0.584,-0.082267517,,,10158,,,0.082267517
0.586,-0.080634177,,,10159,,,0.080634177
0.588,-0.078907642,,,10160,,,0.078907642
0.59,-0.077056127,,,10161,,,0.077056127
0.592,-0.075041412,,,10162,,,0.075041412
0.594,-0.072819335,,,10163,,,0.072819335
0.596,-0.070341473,,,10164,,,0.070341473
0.598,-0.067556881,,,10165,,,0.067556881
0.6,-0.064414076,,,10166,,,0.064414076
0.602,-0.060864342,,,10167,,,0.060864342
0.604,-0.056865728,,,10168,,,0.056865728
0.606,-0.05238577,,,10169,,,0.05238577
0.608,-0.047402385,,,10170,,,0.047402385
0.61,-0.041903763,,,10171,,,0.041903763
0.612,-0.035888076,,,10172,,,0.035888076
0.614,-0.029363539,,,10173,,,0.029363539
0.616,-0.022348832,,,10174,,,0.022348832
0.618,-0.014873388,,,10175,,,0.014873388
0.62,-0.006977417,,,10176,,,0.006977417
0.622,0.001287951,,,10177,,,-0.001287951
0.624,0.009860428,,,10178,,,-0.009860428
0.626,0.018667539,,,10179,,,-0.018667539
0.628,0.02762976,,,10180,,,-0.02762976
0.63,0.036664874,,,10181,,,-0.036664874
0.632,0.045691935,,,10182,,,-0.045691935
0.634,0.054633989,,,10183,,,-0.054633989
0.636,0.06341934,,,10184,,,-0.06341934
0.638,0.071982412,,,10185,,,-0.071982412
0.64,0.080265757,,,10186,,,-0.080265757
0.642,0.088222661,,,10187,,,-0.088222661
0.644,0.095818206,,,10188,,,-0.095818206
0.646,0.103028342,,,10189,,,-0.103028342
0.648,0.109838469,,,10190,,,-0.109838469
0.65,0.116242285,,,10191,,,-0.116242285
0.652,0.122240298,,,10192,,,-0.122240298
0.654,0.127838096,,,10193,,,-0.127838096
0.656,0.13304511,,,10194,,,-0.13304511
0.658,0.137873785,,,10195,,,-0.137873785
0.66,0.142339099,,,10196,,,-0.142339099
0.662,0.14645857,,,10197,,,-0.14645857
0.664,0.150252246,,,10198,,,-0.150252246
0.666,0.153742445,,,10199,,,-0.153742445
0.668,0.156953758,,,10200,,,-0.156953758
0.67,0.159912917,,,10201,,,-0.159912917
0.672,0.162647471,,,10202,,,-0.162647471
0.674,0.165183271,,,10203,,,-0.165183271
0.676,0.16754214,,,10204,,,-0.16754214
0.678,0.169740967,,,10205,,,-0.169740967
0.68,0.171791728,,,10206,,,-0.171791728
0.682,0.17370119,,,10207,,,-0.17370119
0.684,0.175469822,,,10208,,,-0.175469822
0.686,0.177090559,,,10209,,,-0.177090559
0.688,0.178549025,,,10210,,,-0.178549025
0.69,0.179826208,,,10211,,,-0.179826208
0.692,0.180902097,,,10212,,,-0.180902097
0.694,0.181758324,,,10213,,,-0.181758324
0.696,0.182380816,,,10214,,,-0.182380816
0.698,0.182763684,,,10215,,,-0.182763684
0.7,0.182912027,,,10216,,,-0.182912027
0.702,0.182841328,,,10217,,,-0.182841328
0.704,0.182574679,,,10218,,,-0.182574679
0.706,0.182139798,,,10219,,,-0.182139798
0.708,0.181566188,,,10220,,,-0.181566188
0.71,0.180882991,,,10221,,,-0.180882991
0.712,0.180117889,,,10222,,,-0.180117889
0.714,0.179295939,,,10223,,,-0.179295939
0.716,0.178437747,,,10224,,,-0.178437747
0.718,0.177558058,,,10225,,,-0.177558058
0.72,0.176665633,,,10226,,,-0.176665633
0.722,0.175763936,,,10227,,,-0.175763936
0.724,0.174851682,,,10228,,,-0.174851682
0.726,0.173923233,,,10229,,,-0.173923233
0.728,0.172969394,,,10230,,,-0.172969394
0.73,0.171978625,,,10231,,,-0.171978625
0.732,0.170938296,,,10232,,,-0.170938296
0.734,0.169835904,,,10233,,,-0.169835904
0.736,0.16866002,,,10234,,,-0.16866002
0.738,0.167400785,,,10235,,,-0.167400785
0.74,0.16605051,,,10236,,,-0.16605051
0.742,0.164604398,,,10237,,,-0.164604398
0.744,0.163060189,,,10238,,,-0.163060189
0.746,0.161417541,,,10239,,,-0.161417541
0.748,0.1596793,,,10240,,,-0.1596793
0.75,0.157853217,,,10241,,,-0.157853217
0.752,0.155950843,,,10242,,,-0.155950843
0.754,0.153984248,,,10243,,,-0.153984248
0.756,0.151963324,,,10244,,,-0.151963324
0.758,0.149894947,,,10245,,,-0.149894947
0.76,0.147783891,,,10246,,,-0.147783891
0.762,0.145634098,,,10247,,,-0.145634098
0.764,0.143448648,,,10248,,,-0.143448648
0.766,0.14122891,,,10249,,,-0.14122891
0.768,0.138974824,,,10250,,,-0.138974824
0.77,0.136686936,,,10251,,,-0.136686936
0.772,0.134369206,,,10252,,,-0.134369206
0.774,0.132031301,,,10253,,,-0.132031301
0.776,0.129689048,,,10254,,,-0.129689048
0.778,0.127362422,,,10255,,,-0.127362422
0.78,0.125072565,,,10256,,,-0.125072565
0.782,0.122839839,,,10257,,,-0.122839839
0.784,0.120682708,,,10258,,,-0.120682708
0.786,0.118616216,,,10259,,,-0.118616216
0.788,0.116650287,,,10260,,,-0.116650287
0.79,0.114789127,,,10261,,,-0.114789127
0.792,0.113031694,,,10262,,,-0.113031694
0.794,0.11137189,,,10263,,,-0.11137189
0.796,0.109798383,,,10264,,,-0.109798383
0.798,0.108295668,,,10265,,,-0.108295668
0.8,0.106846483,,,10266,,,-0.106846483
0.802,0.105433872,,,10267,,,-0.105433872
0.804,0.10404232,,,10268,,,-0.10404232
0.806,0.102658247,,,10269,,,-0.102658247
0.808,0.101269779,,,10270,,,-0.101269779
0.81,0.099866664,,,10271,,,-0.099866664
0.812,0.098440952,,,10272,,,-0.098440952
0.814,0.096987025,,,10273,,,-0.096987025
0.816,0.095500594,,,10274,,,-0.095500594
0.818,0.093977871,,,10275,,,-0.093977871
0.82,0.09241502,,,10276,,,-0.09241502
0.822,0.090807596,,,10277,,,-0.090807596
0.824,0.089150828,,,10278,,,-0.089150828
0.826,0.087440952,,,10279,,,-0.087440952
0.828,0.085676648,,,10280,,,-0.085676648
0.83,0.083860029,,,10281,,,-0.083860029
0.832,0.081997401,,,10282,,,-0.081997401
0.834,0.080099732,,,10283,,,-0.080099732
0.836,0.078182412,,,10284,,,-0.078182412
0.838,0.07626437,,,10285,,,-0.07626437
0.84,0.074367047,,,10286,,,-0.074367047
0.842,0.072513416,,,10287,,,-0.072513416
0.844,0.070726969,,,10288,,,-0.070726969
0.846,0.06903088,,,10289,,,-0.06903088
0.848,0.067447537,,,10290,,,-0.067447537
0.85,0.065997689,,,10291,,,-0.065997689
0.852,0.064698806,,,10292,,,-0.064698806
0.854,0.063563376,,,10293,,,-0.063563376
0.856,0.062597717,,,10294,,,-0.062597717
0.858,0.061801432,,,10295,,,-0.061801432
0.86,0.061168024,,,10296,,,-0.061168024
0.862,0.060686281,,,10297,,,-0.060686281
0.864,0.060340885,,,10298,,,-0.060340885
0.866,0.060111921,,,10299,,,-0.060111921
0.868,0.059974448,,,10300,,,-0.059974448
0.87,0.059898506,,,10301,,,-0.059898506
0.872,0.059849568,,,10302,,,-0.059849568
0.874,0.059790049,,,10303,,,-0.059790049
0.876,0.059681801,,,10304,,,-0.059681801
0.878,0.059488433,,,10305,,,-0.059488433
0.88,0.059177104,,,10306,,,-0.059177104
0.882,0.058720097,,,10307,,,-0.058720097
0.884,0.058095576,,,10308,,,-0.058095576
0.886,0.057287668,,,10309,,,-0.057287668
0.888,0.056287371,,,10310,,,-0.056287371
0.89,0.055094317,,,10311,,,-0.055094317
0.892,0.053717706,,,10312,,,-0.053717706
0.894,0.052175145,,,10313,,,-0.052175145
0.896,0.050489901,,,10314,,,-0.050489901
0.898,0.048688608,,,10315,,,-0.048688608
0.9,0.046800605,,,10316,,,-0.046800605
0.902,0.044857524,,,10317,,,-0.044857524
0.904,0.042891899,,,10318,,,-0.042891899
0.906,0.040935336,,,10319,,,-0.040935336
0.908,0.039017329,,,10320,,,-0.039017329
0.91,0.037165424,,,10321,,,-0.037165424
0.912,0.035406083,,,10322,,,-0.035406083
0.914,0.03376469,,,10323,,,-0.03376469
0.916,0.03226444,,,10324,,,-0.03226444
0.918,0.030925054,,,10325,,,-0.030925054
0.92,0.02976133,,,10326,,,-0.02976133
0.922,0.028780934,,,10327,,,-0.028780934
0.924,0.027982191,,,10328,,,-0.027982191
0.926,0.027353137,,,10329,,,-0.027353137
0.928,0.02687201,,,10330,,,-0.02687201
0.93,0.026509236,,,10331,,,-0.026509236
0.932,0.026230623,,,10332,,,-0.026230623
0.934,0.025999994,,,10333,,,-0.025999994
0.936,0.025780454,,,10334,,,-0.025780454
0.938,0.025535826,,,10335,,,-0.025535826
0.94,0.025233435,,,10336,,,-0.025233435
0.942,0.024847418,,,10337,,,-0.024847418
0.944,0.024360965,,,10338,,,-0.024360965
0.946,0.023766554,,,10339,,,-0.023766554
0.948,0.023064833,,,10340,,,-0.023064833
0.95,0.022263161,,,10341,,,-0.022263161
0.952,0.021373969,,,10342,,,-0.021373969
0.954,0.02041314,,,10343,,,-0.02041314
0.956,0.019398471,,,10344,,,-0.019398471
0.958,0.018347747,,,10345,,,-0.018347747
0.96,0.017277094,,,10346,,,-0.017277094
0.962,0.016200545,,,10347,,,-0.016200545
0.964,0.015129992,,,10348,,,-0.015129992
0.966,0.014074765,,,10349,,,-0.014074765
0.968,0.013041257,,,10350,,,-0.013041257
0.97,0.012032313,,,10351,,,-0.012032313
0.972,0.011046383,,,10352,,,-0.011046383
0.974,0.010077522,,,10353,,,-0.010077522
0.976,0.00911594,,,10354,,,-0.00911594
0.978,0.00814846,,,10355,,,-0.00814846
0.98,0.007159829,,,10356,,,-0.007159829
0.982,0.006134868,,,10357,,,-0.006134868
0.984,0.005059487,,,10358,,,-0.005059487
0.986,0.00391999,,,10359,,,-0.00391999
0.988,0.002702361,,,10360,,,-0.002702361
0.99,0.001393039,,,10361,,,-0.001393039
0.992,-1.88464E-05,,,10362,,,1.88E-05
0.994,-0.001539426,,,10363,,,0.001539426
0.996,-0.003169924,,,10364,,,0.003169924
0.998,-0.00490772,,,10365,,,0.00490772
1,-0.006746782,,,10366,,,0.006746782
1.002,-0.008677625,,,10367,,,0.008677625
1.004,-0.010688073,,,10368,,,0.010688073
1.006,-0.012764569,,,10369,,,0.012764569
1.008,-0.014892911,,,10370,,,0.014892911
1.01,-0.017058372,,,10371,,,0.017058372
1.012,-0.019245793,,,10372,,,0.019245793
1.014,-0.021439375,,,10373,,,0.021439375
1.016,-0.02362141,,,10374,,,0.02362141
1.018,-0.025770364,,,10375,,,0.025770364
1.02,-0.027859885,,,10376,,,0.027859885
1.022,-0.029859751,,,10377,,,0.029859751
1.024,-0.031738182,,,10378,,,0.031738182
1.026,-0.033464631,,,10379,,,0.033464631
1.028,-0.035012526,,,10380,,,0.035012526
1.03,-0.036361131,,,10381,,,0.036361131
1.032,-0.037496186,,,10382,,,0.037496186
1.034,-0.038410303,,,10383,,,0.038410303
1.036,-0.039103259,,,10384,,,0.039103259
1.038,-0.039581209,,,10385,,,0.039581209
1.04,-0.039855846,,,10386,,,0.039855846
1.042,-0.039944981,,,10387,,,0.039944981
1.044,-0.039873299,,,10388,,,0.039873299
1.046,-0.039671546,,,10389,,,0.039671546
1.048,-0.039374393,,,10390,,,0.039374393
1.05,-0.039017929,,,10391,,,0.039017929
1.052,-0.03863752,,,10392,,,0.03863752
1.054,-0.038266742,,,10393,,,0.038266742
1.056,-0.037937288,,,10394,,,0.037937288
1.058,-0.037679027,,,10395,,,0.037679027
1.06,-0.03751979,,,10396,,,0.03751979
1.062,-0.037485269,,,10397,,,0.037485269
1.064,-0.037599364,,,10398,,,0.037599364
1.066,-0.037884575,,,10399,,,0.037884575
1.068,-0.038361773,,,10400,,,0.038361773
1.07,-0.039049095,,,10401,,,0.039049095
1.072,-0.039960109,,,10402,,,0.039960109
1.074,-0.041101865,,,10403,,,0.041101865
1.076,-0.0424739,,,10404,,,0.0424739
1.078,-0.044068814,,,10405,,,0.044068814
1.08,-0.045873422,,,10406,,,0.045873422
1.082,-0.047869516,,,10407,,,0.047869516
1.084,-0.050034919,,,10408,,,0.050034919
1.086,-0.052344965,,,10409,,,0.052344965
1.088,-0.054773142,,,10410,,,0.054773142
1.09,-0.057291512,,,10411,,,0.057291512
1.092,-0.059872164,,,10412,,,0.059872164
1.094,-0.062488527,,,10413,,,0.062488527
1.096,-0.065115653,,,10414,,,0.065115653
1.098,-0.067730783,,,10415,,,0.067730783
1.1,-0.070314493,,,10416,,,0.070314493
1.102,-0.0728514,,,10417,,,0.0728514
1.104,-0.07533007,,,10418,,,0.07533007
1.106,-0.077742167,,,10419,,,0.077742167
1.108,-0.080081276,,,10420,,,0.080081276
1.11,-0.082342522,,,10421,,,0.082342522
1.112,-0.084523195,,,10422,,,0.084523195
1.114,-0.086623809,,,10423,,,0.086623809
1.116,-0.088648928,,,10424,,,0.088648928
1.118,-0.090606787,,,10425,,,0.090606787
1.12,-0.09250772,,,10426,,,0.09250772
1.122,-0.094362976,,,10427,,,0.094362976
1.124,-0.096184488,,,10428,,,0.096184488
1.126,-0.097983936,,,10429,,,0.097983936
1.128,-0.099770499,,,10430,,,0.099770499
1.13,-0.101548854,,,10431,,,0.101548854
1.132,-0.103318493,,,10432,,,0.103318493
1.134,-0.105074163,,,10433,,,0.105074163
1.136,-0.106806585,,,10434,,,0.106806585
1.138,-0.108502844,,,10435,,,0.108502844
1.14,-0.110147374,,,10436,,,0.110147374
1.142,-0.111723982,,,10437,,,0.111723982
1.144,-0.113217503,,,10438,,,0.113217503
1.146,-0.114614654,,,10439,,,0.114614654
1.148,-0.115904913,,,10440,,,0.115904913
1.15,-0.117080462,,,10441,,,0.117080462
1.152,-0.118134275,,,10442,,,0.118134275
1.154,-0.119058241,,,10443,,,0.119058241
1.156,-0.11984283,,,10444,,,0.11984283
1.158,-0.120477772,,,10445,,,0.120477772
1.16,-0.120953609,,,10446,,,0.120953609
1.162,-0.121264205,,,10447,,,0.121264205
1.164,-0.121408934,,,10448,,,0.121408934
1.166,-0.121393447,,,10449,,,0.121393447
1.168,-0.121229594,,,10450,,,0.121229594
1.17,-0.120935523,,,10451,,,0.120935523
1.172,-0.120536141,,,10452,,,0.120536141
1.174,-0.120063415,,,10453,,,0.120063415
1.176,-0.11955556,,,10454,,,0.11955556
1.178,-0.119054927,,,10455,,,0.119054927
1.18,-0.118605232,,,10456,,,0.118605232
1.182,-0.118248237,,,10457,,,0.118248237
1.184,-0.118019997,,,10458,,,0.118019997
1.186,-0.117947237,,,10459,,,0.117947237
1.188,-0.118044482,,,10460,,,0.118044482
1.19,-0.118312976,,,10461,,,0.118312976
1.192,-0.118741899,,,10462,,,0.118741899
1.194,-0.119310667,,,10463,,,0.119310667
1.196,-0.11999134,,,10464,,,0.11999134
1.198,-0.120751455,,,10465,,,0.120751455
1.2,-0.121557106,,,10466,,,0.121557106
1.202,-0.122375522,,,10467,,,0.122375522
1.204,-0.123177271,,,10468,,,0.123177271
1.206,-0.123938106,,,10469,,,0.123938106
1.208,-0.124639949,,,10470,,,0.124639949
1.21,-0.125271108,,,10471,,,0.125271108
1.212,-0.125825935,,,10472,,,0.125825935
1.214,-0.126303699,,,10473,,,0.126303699
1.216,-0.12670688,,,10474,,,0.12670688
1.218,-0.12703967,,,10475,,,0.12703967
1.22,-0.127306878,,,10476,,,0.127306878
1.222,-0.127512742,,,10477,,,0.127512742
1.224,-0.127659534,,,10478,,,0.127659534
1.226,-0.127746068,,,10479,,,0.127746068
1.228,-0.127766481,,,10480,,,0.127766481
1.23,-0.1277103,,,10481,,,0.1277103
1.232,-0.127563861,,,10482,,,0.127563861
1.234,-0.127311309,,,10483,,,0.127311309
1.236,-0.126933802,,,10484,,,0.126933802
1.238,-0.126407834,,,10485,,,0.126407834
1.24,-0.12570477,,,10486,,,0.12570477
1.242,-0.124792281,,,10487,,,0.124792281
1.244,-0.123636428,,,10488,,,0.123636428
1.246,-0.122203145,,,10489,,,0.122203145
1.248,-0.120459075,,,10490,,,0.120459075
1.25,-0.118372017,,,10491,,,0.118372017
1.252,-0.115911604,,,10492,,,0.115911604
1.254,-0.113050939,,,10493,,,0.113050939
1.256,-0.10976833,,,10494,,,0.10976833
1.258,-0.106047029,,,10495,,,0.106047029
1.26,-0.101872985,,,10496,,,0.101872985
1.262,-0.097232952,,,10497,,,0.097232952
1.264,-0.092114586,,,10498,,,0.092114586
1.266,-0.086508507,,,10499,,,0.086508507
1.268,-0.080410842,,,10500,,,0.080410842
1.27,-0.073824125,,,10501,,,0.073824125
1.272,-0.066756534,,,10502,,,0.066756534
1.274,-0.059221777,,,10503,,,0.059221777
1.276,-0.0512402,,,10504,,,0.0512402
1.278,-0.04283937,,,10505,,,0.04283937
1.28,-0.03405331,,,10506,,,0.03405331
1.282,-0.024921297,,,10507,,,0.024921297
1.284,-0.015486932,,,10508,,,0.015486932
1.286,-0.005797691,,,10509,,,0.005797691
1.288,0.004094993,,,10510,,,-0.004094993
1.29,0.014135566,,,10511,,,-0.014135566
1.292,0.024264901,,,10512,,,-0.024264901
1.294,0.034421543,,,10513,,,-0.034421543
1.296,0.044542822,,,10514,,,-0.044542822
1.298,0.054565369,,,10515,,,-0.054565369
1.3,0.064425485,,,10516,,,-0.064425485
1.302,0.07405978,,,10517,,,-0.07405978
1.304,0.083405911,,,10518,,,-0.083405911
1.306,0.092403396,,,10519,,,-0.092403396
1.308,0.100995164,,,10520,,,-0.100995164
1.31,0.109129973,,,10521,,,-0.109129973
1.312,0.116764607,,,10522,,,-0.116764607
1.314,0.12386482,,,10523,,,-0.12386482
1.316,0.13040477,,,10524,,,-0.13040477
1.318,0.136365748,,,10525,,,-0.136365748
1.32,0.141736008,,,10526,,,-0.141736008
1.322,0.146512126,,,10527,,,-0.146512126
1.324,0.150699853,,,10528,,,-0.150699853
1.326,0.154313551,,,10529,,,-0.154313551
1.328,0.157375364,,,10530,,,-0.157375364
1.33,0.159914475,,,10531,,,-0.159914475
1.332,0.161966022,,,10532,,,-0.161966022
1.334,0.163569902,,,10533,,,-0.163569902
1.336,0.164769285,,,10534,,,-0.164769285
1.338,0.165608228,,,10535,,,-0.165608228
1.34,0.166128476,,,10536,,,-0.166128476
1.342,0.166366409,,,10537,,,-0.166366409
1.344,0.166351368,,,10538,,,-0.166351368
1.346,0.166105939,,,10539,,,-0.166105939
1.348,0.165647426,,,10540,,,-0.165647426
1.35,0.164989528,,,10541,,,-0.164989528
1.352,0.164143413,,,10542,,,-0.164143413
1.354,0.163117429,,,10543,,,-0.163117429
1.356,0.161915983,,,10544,,,-0.161915983
1.358,0.160539322,,,10545,,,-0.160539322
1.36,0.158984857,,,10546,,,-0.158984857
1.362,0.157249104,,,10547,,,-0.157249104
1.364,0.155329202,,,10548,,,-0.155329202
1.366,0.153223652,,,10549,,,-0.153223652
1.368,0.150933037,,,10550,,,-0.150933037
1.37,0.148461609,,,10551,,,-0.148461609
1.372,0.14581864,,,10552,,,-0.14581864
1.374,0.143017893,,,10553,,,-0.143017893
1.376,0.140076068,,,10554,,,-0.140076068
1.378,0.137012315,,,10555,,,-0.137012315
1.38,0.133848606,,,10556,,,-0.133848606
1.382,0.130608945,,,10557,,,-0.130608945
1.384,0.127317177,,,10558,,,-0.127317177
1.386,0.123995256,,,10559,,,-0.123995256
1.388,0.120663246,,,10560,,,-0.120663246
1.39,0.117340911,,,10561,,,-0.117340911
1.392,0.114049702,,,10562,,,-0.114049702
1.394,0.110813583,,,10563,,,-0.110813583
1.396,0.10765858,,,10564,,,-0.10765858
1.398,0.104612393,,,10565,,,-0.104612393
1.4,0.101704049,,,10566,,,-0.101704049
1.402,0.098962218,,,10567,,,-0.098962218
1.404,0.096412316,,,10568,,,-0.096412316
1.406,0.094074022,,,10569,,,-0.094074022
1.408,0.091959805,,,10570,,,-0.091959805
1.41,0.090074013,,,10571,,,-0.090074013
1.412,0.088412072,,,10572,,,-0.088412072
1.414,0.086959599,,,10573,,,-0.086959599
1.416,0.085691613,,,10574,,,-0.085691613
1.418,0.084572654,,,10575,,,-0.084572654
1.42,0.083558631,,,10576,,,-0.083558631
1.422,0.082599617,,,10577,,,-0.082599617
1.424,0.081642286,,,10578,,,-0.081642286
1.426,0.08063286,,,10579,,,-0.08063286
1.428,0.079521642,,,10580,,,-0.079521642
1.43,0.078267235,,,10581,,,-0.078267235
1.432,0.076838457,,,10582,,,-0.076838457
1.434,0.075214861,,,10583,,,-0.075214861
1.436,0.073386821,,,10584,,,-0.073386821
1.438,0.071354249,,,10585,,,-0.071354249
1.44,0.069124295,,,10586,,,-0.069124295
1.442,0.06670966,,,10587,,,-0.06670966
1.444,0.064127426,,,10588,,,-0.064127426
1.446,0.061397526,,,10589,,,-0.061397526
1.448,0.058541458,,,10590,,,-0.058541458
1.45,0.055581983,,,10591,,,-0.055581983
1.452,0.052543461,,,10592,,,-0.052543461
1.454,0.049451741,,,10593,,,-0.049451741
1.456,0.046332808,,,10594,,,-0.046332808
1.458,0.043210534,,,10595,,,-0.043210534
1.46,0.040104995,,,10596,,,-0.040104995
1.462,0.037032237,,,10597,,,-0.037032237
1.464,0.034004701,,,10598,,,-0.034004701
1.466,0.031031123,,,10599,,,-0.031031123
1.468,0.028115988,,,10600,,,-0.028115988
1.47,0.025260104,,,10601,,,-0.025260104
1.472,0.022462963,,,10602,,,-0.022462963
1.474,0.019724834,,,10603,,,-0.019724834
1.476,0.017047122,,,10604,,,-0.017047122
1.478,0.014432279,,,10605,,,-0.014432279
1.48,0.011884462,,,10606,,,-0.011884462
1.482,0.009410394,,,10607,,,-0.009410394
1.484,0.007019828,,,10608,,,-0.007019828
1.486,0.00472497,,,10609,,,-0.00472497
1.488,0.002538742,,,10610,,,-0.002538742
1.49,0.000473343,,,10611,,,-0.000473343
1.492,-0.001460206,,,10612,,,0.001460206
1.494,-0.003252596,,,10613,,,0.003252596
1.496,-0.004896891,,,10614,,,0.004896891
1.498,-0.006388358,,,10615,,,0.006388358
1.5,-0.007723573,,,10616,,,0.007723573
1.502,-0.008899428,,,10617,,,0.008899428
1.504,-0.009912096,,,10618,,,0.009912096
1.506,-0.01075563,,,10619,,,0.01075563
1.508,-0.011420428,,,10620,,,0.011420428
1.51,-0.011892459,,,10621,,,0.011892459
1.512,-0.012153798,,,10622,,,0.012153798
1.514,-0.012184417,,,10623,,,0.012184417
1.516,-0.011965127,,,10624,,,0.011965127
1.518,-0.011481022,,,10625,,,0.011481022
1.52,-0.010724222,,,10626,,,0.010724222
1.522,-0.009695145,,,10627,,,0.009695145
1.524,-0.008402336,,,10628,,,0.008402336
1.526,-0.006861101,,,10629,,,0.006861101
1.528,-0.005091787,,,10630,,,0.005091787
1.53,-0.003118994,,,10631,,,0.003118994
1.532,-0.000971623,,,10632,,,0.000971623
1.534,0.001317745,,,10633,,,-0.001317745
1.536,0.003714608,,,10634,,,-0.003714608
1.538,0.006183879,,,10635,,,-0.006183879
1.54,0.008689973,,,10636,,,-0.008689973
1.542,0.011196412,,,10637,,,-0.011196412
1.544,0.013665267,,,10638,,,-0.013665267
1.546,0.016056791,,,10639,,,-0.016056791
1.548,0.018330227,,,10640,,,-0.018330227
1.55,0.020445414,,,10641,,,-0.020445414
1.552,0.022364182,,,10642,,,-0.022364182
1.554,0.024051871,,,10643,,,-0.024051871
1.556,0.025478999,,,10644,,,-0.025478999
1.558,0.026622319,,,10645,,,-0.026622319
1.56,0.027465592,,,10646,,,-0.027465592
1.562,0.028000596,,,10647,,,-0.028000596
1.564,0.028227756,,,10648,,,-0.028227756
1.566,0.028156201,,,10649,,,-0.028156201
1.568,0.027803628,,,10650,,,-0.027803628
1.57,0.027195518,,,10651,,,-0.027195518
1.572,0.026363129,,,10652,,,-0.026363129
1.574,0.025341164,,,10653,,,-0.025341164
1.576,0.024166634,,,10654,,,-0.024166634
1.578,0.022878694,,,10655,,,-0.022878694
1.58,0.021517555,,,10656,,,-0.021517555
1.582,0.020121864,,,10657,,,-0.020121864
1.584,0.018726205,,,10658,,,-0.018726205
1.586,0.017359655,,,10659,,,-0.017359655
1.588,0.016044849,,,10660,,,-0.016044849
1.59,0.014797518,,,10661,,,-0.014797518
1.592,0.013626531,,,10662,,,-0.013626531
1.594,0.012533798,,,10663,,,-0.012533798
1.596,0.011514242,,,10664,,,-0.011514242
1.598,0.010556452,,,10665,,,-0.010556452
1.6,0.009643361,,,10666,,,-0.009643361
1.602,0.008752466,,,10667,,,-0.008752466
1.604,0.007856541,,,10668,,,-0.007856541
1.606,0.006926073,,,10669,,,-0.006926073
1.608,0.005933205,,,10670,,,-0.005933205
1.61,0.00485512,,,10671,,,-0.00485512
1.612,0.003675073,,,10672,,,-0.003675073
1.614,0.002381637,,,10673,,,-0.002381637
1.616,0.000967807,,,10674,,,-0.000967807
1.618,-0.000569135,,,10675,,,0.000569135
1.62,-0.002227169,,,10676,,,0.002227169
1.622,-0.003999483,,,10677,,,0.003999483
1.624,-0.005875532,,,10678,,,0.005875532
1.626,-0.007842504,,,10679,,,0.007842504
1.628,-0.0098861,,,10680,,,0.0098861
1.63,-0.01199062,,,10681,,,0.01199062
1.632,-0.014138883,,,10682,,,0.014138883
1.634,-0.016312335,,,10683,,,0.016312335
1.636,-0.018491277,,,10684,,,0.018491277
1.638,-0.020654859,,,10685,,,0.020654859
1.64,-0.022780903,,,10686,,,0.022780903
1.642,-0.024846004,,,10687,,,0.024846004
1.644,-0.026826119,,,10688,,,0.026826119
1.646,-0.028697555,,,10689,,,0.028697555
1.648,-0.030438289,,,10690,,,0.030438289
1.65,-0.032029697,,,10691,,,0.032029697
1.652,-0.033458385,,,10692,,,0.033458385
1.654,-0.034717406,,,10693,,,0.034717406
1.656,-0.035807204,,,10694,,,0.035807204
1.658,-0.036737012,,,10695,,,0.036737012
1.66,-0.03752591,,,10696,,,0.03752591
1.662,-0.038202595,,,10697,,,0.038202595
1.664,-0.038804259,,,10698,,,0.038804259
1.666,-0.03937459,,,10699,,,0.03937459
1.668,-0.039960073,,,10700,,,0.039960073
1.67,-0.04060513,,,10701,,,0.04060513
1.672,-0.041347975,,,10702,,,0.041347975
1.674,-0.042217892,,,10703,,,0.042217892
1.676,-0.043233446,,,10704,,,0.043233446
1.678,-0.044401513,,,10705,,,0.044401513
1.68,-0.045717332,,,10706,,,0.045717332
1.682,-0.047165879,,,10707,,,0.047165879
1.684,-0.048724813,,,10708,,,0.048724813
1.686,-0.050368251,,,10709,,,0.050368251
1.688,-0.052069777,,,10710,,,0.052069777
1.69,-0.053804132,,,10711,,,0.053804132
1.692,-0.05554839,,,10712,,,0.05554839
1.694,-0.057283463,,,10713,,,0.057283463
1.696,-0.058995118,,,10714,,,0.058995118
1.698,-0.060673148,,,10715,,,0.060673148
1.7,-0.062309694,,,10716,,,0.062309694
1.702,-0.063899012,,,10717,,,0.063899012
1.704,-0.065438412,,,10718,,,0.065438412
1.706,-0.06692828,,,10719,,,0.06692828
1.708,-0.068371056,,,10720,,,0.068371056
1.71,-0.069770576,,,10721,,,0.069770576
1.712,-0.071132158,,,10722,,,0.071132158
1.714,-0.072462772,,,10723,,,0.072462772
1.716,-0.073770816,,,10724,,,0.073770816
1.718,-0.075065753,,,10725,,,0.075065753
1.72,-0.076358311,,,10726,,,0.076358311
1.722,-0.07766109,,,10727,,,0.07766109
1.724,-0.078988348,,,10728,,,0.078988348
1.726,-0.080354256,,,10729,,,0.080354256
1.728,-0.081770301,,,10730,,,0.081770301
1.73,-0.083243507,,,10731,,,0.083243507
1.732,-0.084776429,,,10732,,,0.084776429
1.734,-0.086368252,,,10733,,,0.086368252
1.736,-0.088015665,,,10734,,,0.088015665
1.738,-0.089713261,,,10735,,,0.089713261
1.74,-0.091454145,,,10736,,,0.091454145
1.742,-0.09323107,,,10737,,,0.09323107
1.744,-0.095037079,,,10738,,,0.095037079
1.746,-0.096864165,,,10739,,,0.096864165
1.748,-0.098700107,,,10740,,,0.098700107
1.75,-0.100525567,,,10741,,,0.100525567
1.752,-0.102313356,,,10742,,,0.102313356
1.754,-0.104030292,,,10743,,,0.104030292
1.756,-0.105640738,,,10744,,,0.105640738
1.758,-0.107110089,,,10745,,,0.107110089
1.76,-0.108407057,,,10746,,,0.108407057
1.762,-0.109505376,,,10747,,,0.109505376
1.764,-0.11038581,,,10748,,,0.11038581
1.766,-0.111037636,,,10749,,,0.111037636
1.768,-0.111458313,,,10750,,,0.111458313
1.77,-0.11165195,,,10751,,,0.11165195
1.772,-0.111628349,,,10752,,,0.111628349
1.774,-0.111402961,,,10753,,,0.111402961
1.776,-0.110996696,,,10754,,,0.110996696
1.778,-0.110434899,,,10755,,,0.110434899
1.78,-0.10974555,,,10756,,,0.10974555
1.782,-0.108957731,,,10757,,,0.108957731
1.784,-0.108101418,,,10758,,,0.108101418
1.786,-0.10720744,,,10759,,,0.10720744
1.788,-0.106306144,,,10760,,,0.106306144
1.79,-0.105425583,,,10761,,,0.105425583
1.792,-0.104590746,,,10762,,,0.104590746
1.794,-0.103824201,,,10763,,,0.103824201
1.796,-0.103147215,,,10764,,,0.103147215
1.798,-0.102579686,,,10765,,,0.102579686
1.8,-0.102138743,,,10766,,,0.102138743
1.802,-0.101837658,,,10767,,,0.101837658
1.804,-0.101685757,,,10768,,,0.101685757
1.806,-0.101688296,,,10769,,,0.101688296
1.808,-0.101845556,,,10770,,,0.101845556
1.81,-0.102151439,,,10771,,,0.102151439
1.812,-0.102592552,,,10772,,,0.102592552
1.814,-0.103148608,,,10773,,,0.103148608
1.816,-0.103794146,,,10774,,,0.103794146
1.818,-0.104500258,,,10775,,,0.104500258
1.82,-0.105235424,,,10776,,,0.105235424
1.822,-0.105966413,,,10777,,,0.105966413
1.824,-0.106660392,,,10778,,,0.106660392
1.826,-0.107287749,,,10779,,,0.107287749
1.828,-0.107824491,,,10780,,,0.107824491
1.83,-0.108253369,,,10781,,,0.108253369
1.832,-0.108563313,,,10782,,,0.108563313
1.834,-0.108747804,,,10783,,,0.108747804
1.836,-0.108803677,,,10784,,,0.108803677
1.838,-0.108730947,,,10785,,,0.108730947
1.84,-0.108533147,,,10786,,,0.108533147
1.842,-0.108217957,,,10787,,,0.108217957
1.844,-0.107798142,,,10788,,,0.107798142
1.846,-0.107292009,,,10789,,,0.107292009
1.848,-0.106722582,,,10790,,,0.106722582
1.85,-0.106115558,,,10791,,,0.106115558
1.852,-0.105496576,,,10792,,,0.105496576
1.854,-0.104888702,,,10793,,,0.104888702
1.856,-0.104310788,,,10794,,,0.104310788
1.858,-0.103776492,,,10795,,,0.103776492
1.86,-0.10329378,,,10796,,,0.10329378
1.862,-0.102865092,,,10797,,,0.102865092
1.864,-0.1024877,,,10798,,,0.1024877
1.866,-0.102153074,,,10799,,,0.102153074
1.868,-0.101845535,,,10800,,,0.101845535
1.87,-0.101542063,,,10801,,,0.101542063
1.872,-0.101213957,,,10802,,,0.101213957
1.874,-0.100828674,,,10803,,,0.100828674
1.876,-0.100350459,,,10804,,,0.100350459
1.878,-0.099740075,,,10805,,,0.099740075
1.88,-0.098954811,,,10806,,,0.098954811
1.882,-0.097949551,,,10807,,,0.097949551
1.884,-0.096678321,,,10808,,,0.096678321
1.886,-0.095094755,,,10809,,,0.095094755
1.888,-0.093151355,,,10810,,,0.093151355
1.89,-0.090799471,,,10811,,,0.090799471
1.892,-0.08799154,,,10812,,,0.08799154
1.894,-0.08468487,,,10813,,,0.08468487
1.896,-0.080845129,,,10814,,,0.080845129
1.898,-0.076448663,,,10815,,,0.076448663
1.9,-0.071483915,,,10816,,,0.071483915
1.902,-0.065952623,,,10817,,,0.065952623
1.904,-0.059871155,,,10818,,,0.059871155
1.906,-0.05327124,,,10819,,,0.05327124
1.908,-0.046198694,,,10820,,,0.046198694
1.91,-0.038709928,,,10821,,,0.038709928
1.912,-0.030867489,,,10822,,,0.030867489
1.914,-0.022735812,,,10823,,,0.022735812
1.916,-0.014377538,,,10824,,,0.014377538
1.918,-0.005850566,,,10825,,,0.005850566
1.92,0.002793836,,,10826,,,-0.002793836
1.922,0.011512012,,,10827,,,-0.011512012
1.924,0.020268107,,,10828,,,-0.020268107
1.926,0.029033177,,,10829,,,-0.029033177
1.928,0.037783349,,,10830,,,-0.037783349
1.93,0.046497813,,,10831,,,-0.046497813
1.932,0.055156933,,,10832,,,-0.055156933
1.934,0.063740325,,,10833,,,-0.063740325
1.936,0.072225151,,,10834,,,-0.072225151
1.938,0.080585338,,,10835,,,-0.080585338
1.94,0.088792217,,,10836,,,-0.088792217
1.942,0.096816231,,,10837,,,-0.096816231
1.944,0.104628376,,,10838,,,-0.104628376
1.946,0.112200285,,,10839,,,-0.112200285
1.948,0.119503492,,,10840,,,-0.119503492
1.95,0.126509699,,,10841,,,-0.126509699
1.952,0.133192547,,,10842,,,-0.133192547
1.954,0.139529295,,,10843,,,-0.139529295
1.956,0.14550109,,,10844,,,-0.14550109
1.958,0.15109215,,,10845,,,-0.15109215
1.96,0.156289084,,,10846,,,-0.156289084
1.962,0.161080949,,,10847,,,-0.161080949
1.964,0.165459254,,,10848,,,-0.165459254
1.966,0.169417578,,,10849,,,-0.169417578
1.968,0.172951675,,,10850,,,-0.172951675
1.97,0.176060614,,,10851,,,-0.176060614
1.972,0.178748207,,,10852,,,-0.178748207
1.974,0.181023571,,,10853,,,-0.181023571
1.976,0.18290048,,,10854,,,-0.18290048
1.978,0.184396154,,,10855,,,-0.184396154
1.98,0.18553038,,,10856,,,-0.18553038
1.982,0.186325261,,,10857,,,-0.186325261
1.984,0.186805219,,,10858,,,-0.186805219
1.986,0.186996851,,,10859,,,-0.186996851
1.988,0.186928541,,,10860,,,-0.186928541
1.99,0.186630406,,,10861,,,-0.186630406
1.992,0.186135346,,,10862,,,-0.186135346
1.994,0.185480546,,,10863,,,-0.185480546
1.996,0.184707208,,,10864,,,-0.184707208
1.998,0.183857575,,,10865,,,-0.183857575
2,0.18297078,,,10866,,,-0.18297078
2.002,0.182079498,,,10867,,,-0.182079498
2.004,0.181208352,,,10868,,,-0.181208352
2.006,0.180373868,,,10869,,,-0.180373868
2.008,0.179584892,,,10870,,,-0.179584892
2.01,0.178842832,,,10871,,,-0.178842832
2.012,0.178142013,,,10872,,,-0.178142013
2.014,0.177470506,,,10873,,,-0.177470506
2.016,0.176811658,,,10874,,,-0.176811658
2.018,0.17614593,,,10875,,,-0.17614593
2.02,0.175452212,,,10876,,,-0.175452212
2.022,0.17470848,,,10877,,,-0.17470848
2.024,0.173892471,,,10878,,,-0.173892471
2.026,0.172982646,,,10879,,,-0.172982646
2.028,0.171959088,,,10880,,,-0.171959088
2.03,0.170804081,,,10881,,,-0.170804081
2.032,0.169502571,,,10882,,,-0.169502571
2.034,0.168042471,,,10883,,,-0.168042471
2.036,0.166414269,,,10884,,,-0.166414269
2.038,0.164609764,,,10885,,,-0.164609764
2.04,0.162620751,,,10886,,,-0.162620751
2.042,0.16043845,,,10887,,,-0.16043845
2.044,0.158053726,,,10888,,,-0.158053726
2.046,0.155457968,,,10889,,,-0.155457968
2.048,0.152644411,,,10890,,,-0.152644411
2.05,0.149609476,,,10891,,,-0.149609476
2.052,0.146353998,,,10892,,,-0.146353998
2.054,0.142884067,,,10893,,,-0.142884067
2.056,0.139211108,,,10894,,,-0.139211108
2.058,0.135351583,,,10895,,,-0.135351583
2.06,0.131326517,,,10896,,,-0.131326517
2.062,0.127160567,,,10897,,,-0.127160567
2.064,0.122880812,,,10898,,,-0.122880812
2.066,0.118515555,,,10899,,,-0.118515555
2.068,0.114092676,,,10900,,,-0.114092676
2.07,0.109637781,,,10901,,,-0.109637781
2.072,0.10517302,,,10902,,,-0.10517302
2.074,0.100716386,,,10903,,,-0.100716386
2.076,0.096281171,,,10904,,,-0.096281171
2.078,0.09187608,,,10905,,,-0.09187608
2.08,0.087506123,,,10906,,,-0.087506123
2.082,0.083173591,,,10907,,,-0.083173591
2.084,0.078878504,,,10908,,,-0.078878504
2.086,0.074618553,,,10909,,,-0.074618553
2.088,0.070389216,,,10910,,,-0.070389216
2.09,0.066184691,,,10911,,,-0.066184691
2.092,0.061999369,,,10912,,,-0.061999369
2.094,0.057829136,,,10913,,,-0.057829136
2.096,0.053672318,,,10914,,,-0.053672318
2.098,0.049530301,,,10915,,,-0.049530301
2.1,0.045407807,,,10916,,,-0.045407807
2.102,0.041312687,,,10917,,,-0.041312687
2.104,0.037255033,,,10918,,,-0.037255033
2.106,0.033245976,,,10919,,,-0.033245976
2.108,0.029297163,,,10920,,,-0.029297163
2.11,0.025421286,,,10921,,,-0.025421286
2.112,0.021632963,,,10922,,,-0.021632963
2.114,0.017948725,,,10923,,,-0.017948725
2.116,0.01438544,,,10924,,,-0.01438544
2.118,0.010958588,,,10925,,,-0.010958588
2.12,0.007682344,,,10926,,,-0.007682344
2.122,0.004570821,,,10927,,,-0.004570821
2.124,0.001638493,,,10928,,,-0.001638493
2.126,-0.001100316,,,10929,,,0.001100316
2.128,-0.003631592,,,10930,,,0.003631592
2.13,-0.005940977,,,10931,,,0.005940977
2.132,-0.00801316,,,10932,,,0.00801316
2.134,-0.009832202,,,10933,,,0.009832202
2.136,-0.011382956,,,10934,,,0.011382956
2.138,-0.012653076,,,10935,,,0.012653076
2.14,-0.013634901,,,10936,,,0.013634901
2.142,-0.014326895,,,10937,,,0.014326895
2.144,-0.014735087,,,10938,,,0.014735087
2.146,-0.014874789,,,10939,,,0.014874789
2.148,-0.014771814,,,10940,,,0.014771814
2.15,-0.014462038,,,10941,,,0.014462038
2.152,-0.013988602,,,10942,,,0.013988602
2.154,-0.01339751,,,10943,,,0.01339751
2.156,-0.01273326,,,10944,,,0.01273326
2.158,-0.012035314,,,10945,,,0.012035314
2.16,-0.011335392,,,10946,,,0.011335392
2.162,-0.010655933,,,10947,,,0.010655933
2.164,-0.010009835,,,10948,,,0.010009835
2.166,-0.00940083,,,10949,,,0.00940083
2.168,-0.008824297,,,10950,,,0.008824297
2.17,-0.008268893,,,10951,,,0.008268893
2.172,-0.007719078,,,10952,,,0.007719078
2.174,-0.007158344,,,10953,,,0.007158344
2.176,-0.006572396,,,10954,,,0.006572396
2.178,-0.005951255,,,10955,,,0.005951255
2.18,-0.005289896,,,10956,,,0.005289896
2.182,-0.004587847,,,10957,,,0.004587847
2.184,-0.003848499,,,10958,,,0.003848499
2.186,-0.003078597,,,10959,,,0.003078597
2.188,-0.002288094,,,10960,,,0.002288094
2.19,-0.001490242,,,10961,,,0.001490242
2.192,-0.00070152,,,10962,,,0.00070152
2.194,5.89335E-05,,,10963,,,-5.89E-05
2.196,0.000770712,,,10964,,,-0.000770712
2.198,0.001414356,,,10965,,,-0.001414356
2.2,0.001973484,,,10966,,,-0.001973484
2.202,0.002435654,,,10967,,,-0.002435654
2.204,0.002791928,,,10968,,,-0.002791928
2.206,0.003035848,,,10969,,,-0.003035848
2.208,0.003162447,,,10970,,,-0.003162447
2.21,0.003168086,,,10971,,,-0.003168086
2.212,0.003051461,,,10972,,,-0.003051461
2.214,0.002814608,,,10973,,,-0.002814608
2.216,0.002462641,,,10974,,,-0.002462641
2.218,0.002002513,,,10975,,,-0.002002513
2.22,0.001441767,,,10976,,,-0.001441767
2.222,0.000787435,,,10977,,,-0.000787435
2.224,4.50155E-05,,,10978,,,-4.50E-05
2.226,-0.000781783,,,10979,,,0.000781783
2.228,-0.001690245,,,10980,,,0.001690245
2.23,-0.002677771,,,10981,,,0.002677771
2.232,-0.003741453,,,10982,,,0.003741453
2.234,-0.004877307,,,10983,,,0.004877307
2.236,-0.006078247,,,10984,,,0.006078247
2.238,-0.007331315,,,10985,,,0.007331315
2.24,-0.008615944,,,10986,,,0.008615944
2.242,-0.009904685,,,10987,,,0.009904685
2.244,-0.011166057,,,10988,,,0.011166057
2.246,-0.012367521,,,10989,,,0.012367521
2.248,-0.013477199,,,10990,,,0.013477199
2.25,-0.014465386,,,10991,,,0.014465386
2.252,-0.015306952,,,10992,,,0.015306952
2.254,-0.015983715,,,10993,,,0.015983715
2.256,-0.016485344,,,10994,,,0.016485344
2.258,-0.01680868,,,10995,,,0.01680868
2.26,-0.016956362,,,10996,,,0.016956362
2.262,-0.016936098,,,10997,,,0.016936098
2.264,-0.016761128,,,10998,,,0.016761128
2.266,-0.016450468,,,10999,,,0.016450468
2.268,-0.016027312,,,11000,,,0.016027312
2.27,-0.01551647,,,11001,,,0.01551647
2.272,-0.014943,,,11002,,,0.014943
2.274,-0.014332208,,,11003,,,0.014332208
2.276,-0.013709783,,,11004,,,0.013709783
2.278,-0.013101525,,,11005,,,0.013101525
2.28,-0.01253296,,,11006,,,0.01253296
2.282,-0.012029573,,,11007,,,0.012029573
2.284,-0.01161776,,,11008,,,0.01161776
2.286,-0.011324906,,,11009,,,0.011324906
2.288,-0.011177377,,,11010,,,0.011177377
2.29,-0.011197769,,,11011,,,0.011197769
2.292,-0.011403206,,,11012,,,0.011403206
2.294,-0.011805087,,,11013,,,0.011805087
2.296,-0.012409395,,,11014,,,0.012409395
2.298,-0.013216299,,,11015,,,0.013216299
2.3,-0.014218929,,,11016,,,0.014218929
2.302,-0.015402783,,,11017,,,0.015402783
2.304,-0.016746893,,,11018,,,0.016746893
2.306,-0.018226328,,,11019,,,0.018226328
2.308,-0.019814369,,,11020,,,0.019814369
2.31,-0.021483307,,,11021,,,0.021483307
2.312,-0.023204914,,,11022,,,0.023204914
2.314,-0.02495159,,,11023,,,0.02495159
2.316,-0.026697653,,,11024,,,0.026697653
2.318,-0.028420378,,,11025,,,0.028420378
2.32,-0.030101121,,,11026,,,0.030101121
2.322,-0.031726541,,,11027,,,0.031726541
2.324,-0.033289372,,,11028,,,0.033289372
2.326,-0.034788194,,,11029,,,0.034788194
2.328,-0.036226563,,,11030,,,0.036226563
2.33,-0.037612318,,,11031,,,0.037612318
2.332,-0.038956927,,,11032,,,0.038956927
2.334,-0.040274152,,,11033,,,0.040274152
2.336,-0.041578104,,,11034,,,0.041578104
2.338,-0.042881558,,,11035,,,0.042881558
2.34,-0.044195495,,,11036,,,0.044195495
2.342,-0.045529885,,,11037,,,0.045529885
2.344,-0.046894526,,,11038,,,0.046894526
2.346,-0.048298873,,,11039,,,0.048298873
2.348,-0.04975129,,,11040,,,0.04975129
2.35,-0.051258524,,,11041,,,0.051258524
2.352,-0.052824923,,,11042,,,0.052824923
2.354,-0.054451057,,,11043,,,0.054451057
2.356,-0.056132646,,,11044,,,0.056132646
2.358,-0.057860677,,,11045,,,0.057860677
2.36,-0.059622471,,,11046,,,0.059622471
2.362,-0.061402945,,,11047,,,0.061402945
2.364,-0.063185728,,,11048,,,0.063185728
2.366,-0.064953986,,,11049,,,0.064953986
2.368,-0.066690591,,,11050,,,0.066690591
2.37,-0.068377395,,,11051,,,0.068377395
2.372,-0.069994244,,,11052,,,0.069994244
2.374,-0.071518829,,,11053,,,0.071518829
2.376,-0.072928189,,,11054,,,0.072928189
2.378,-0.074201402,,,11055,,,0.074201402
2.38,-0.075322055,,,11056,,,0.075322055
2.382,-0.076279963,,,11057,,,0.076279963
2.384,-0.077072652,,,11058,,,0.077072652
2.386,-0.077706026,,,11059,,,0.077706026
2.388,-0.078193622,,,11060,,,0.078193622
2.39,-0.078555815,,,11061,,,0.078555815
2.392,-0.078820261,,,11062,,,0.078820261
2.394,-0.07902268,,,11063,,,0.07902268
2.396,-0.079206269,,,11064,,,0.079206269
2.398,-0.07941897,,,11065,,,0.07941897
2.4,-0.079709006,,,11066,,,0.079709006
2.402,-0.080119959,,,11067,,,0.080119959
2.404,-0.080686932,,,11068,,,0.080686932
2.406,-0.081434644,,,11069,,,0.081434644
2.408,-0.082377135,,,11070,,,0.082377135
2.41,-0.083518026,,,11071,,,0.083518026
2.412,-0.084850906,,,11072,,,0.084850906
2.414,-0.086360364,,,11073,,,0.086360364
2.416,-0.08802385,,,11074,,,0.08802385
2.418,-0.08981414,,,11075,,,0.08981414
2.42,-0.091702487,,,11076,,,0.091702487
2.422,-0.093661891,,,11077,,,0.093661891
2.424,-0.095669261,,,11078,,,0.095669261
2.426,-0.097706208,,,11079,,,0.097706208
2.428,-0.099758541,,,11080,,,0.099758541
2.43,-0.101814609,,,11081,,,0.101814609
2.432,-0.103863876,,,11082,,,0.103863876
2.434,-0.105897221,,,11083,,,0.105897221
2.436,-0.10790746,,,11084,,,0.10790746
2.438,-0.109887851,,,11085,,,0.109887851
2.44,-0.111830079,,,11086,,,0.111830079
2.442,-0.113724609,,,11087,,,0.113724609
2.444,-0.115562844,,,11088,,,0.115562844
2.446,-0.117338674,,,11089,,,0.117338674
2.448,-0.119048832,,,11090,,,0.119048832
2.45,-0.12069302,,,11091,,,0.12069302
2.452,-0.122274277,,,11092,,,0.122274277
2.454,-0.123798869,,,11093,,,0.123798869
2.456,-0.125275066,,,11094,,,0.125275066
2.458,-0.126711119,,,11095,,,0.126711119
2.46,-0.128113325,,,11096,,,0.128113325
2.462,-0.129485064,,,11097,,,0.129485064
2.464,-0.130827199,,,11098,,,0.130827199
2.466,-0.132139172,,,11099,,,0.132139172
2.468,-0.133419685,,,11100,,,0.133419685
2.47,-0.134666772,,,11101,,,0.134666772
2.472,-0.135877998,,,11102,,,0.135877998
2.474,-0.137050896,,,11103,,,0.137050896
2.476,-0.138182743,,,11104,,,0.138182743
2.478,-0.139268982,,,11105,,,0.139268982
2.48,-0.140300418,,,11106,,,0.140300418
2.482,-0.141260504,,,11107,,,0.141260504
2.484,-0.142124898,,,11108,,,0.142124898
2.486,-0.142863877,,,11109,,,0.142863877
2.488,-0.14344569,,,11110,,,0.14344569
2.49,-0.14383868,,,11111,,,0.14383868
2.492,-0.144012118,,,11112,,,0.144012118
2.494,-0.143937416,,,11113,,,0.143937416
2.496,-0.143590538,,,11114,,,0.143590538
2.498,-0.142953908,,,11115,,,0.142953908
2.5,-0.142016064,,,11116,,,0.142016064
2.502,-0.140770167,,,11117,,,0.140770167
2.504,-0.139213239,,,11118,,,0.139213239
2.506,-0.137346031,,,11119,,,0.137346031
2.508,-0.135172595,,,11120,,,0.135172595
2.51,-0.132699631,,,11121,,,0.132699631
2.512,-0.129935999,,,11122,,,0.129935999
2.514,-0.12689215,,,11123,,,0.12689215
2.516,-0.123579236,,,11124,,,0.123579236
2.518,-0.12000823,,,11125,,,0.12000823
2.52,-0.1161894,,,11126,,,0.1161894
2.522,-0.112132024,,,11127,,,0.112132024
2.524,-0.107844177,,,11128,,,0.107844177
2.526,-0.103332786,,,11129,,,0.103332786
2.528,-0.098604034,,,11130,,,0.098604034
2.53,-0.093663673,,,11131,,,0.093663673
2.532,-0.088517093,,,11132,,,0.088517093
2.534,-0.083169236,,,11133,,,0.083169236
2.536,-0.077623903,,,11134,,,0.077623903
2.538,-0.071882452,,,11135,,,0.071882452
2.54,-0.065943084,,,11136,,,0.065943084
2.542,-0.059801665,,,11137,,,0.059801665
2.544,-0.053453525,,,11138,,,0.053453525
2.546,-0.046895221,,,11139,,,0.046895221
2.548,-0.040125673,,,11140,,,0.040125673
2.55,-0.033146226,,,11141,,,0.033146226
2.552,-0.025959916,,,11142,,,0.025959916
2.554,-0.018571215,,,11143,,,0.018571215
2.556,-0.010986788,,,11144,,,0.010986788
2.558,-0.003216566,,,11145,,,0.003216566
2.56,0.004725199,,,11146,,,-0.004725199
2.562,0.01281864,,,11147,,,-0.01281864
2.564,0.02103702,,,11148,,,-0.02103702
2.566,0.029345935,,,11149,,,-0.029345935
2.568,0.037703256,,,11150,,,-0.037703256
2.57,0.046060261,,,11151,,,-0.046060261
2.572,0.054363679,,,11152,,,-0.054363679
2.574,0.062557676,,,11153,,,-0.062557676
2.576,0.070585166,,,11154,,,-0.070585166
2.578,0.078388531,,,11155,,,-0.078388531
2.58,0.085910266,,,11156,,,-0.085910266
2.582,0.093093876,,,11157,,,-0.093093876
2.584,0.099885024,,,11158,,,-0.099885024
2.586,0.106233177,,,11159,,,-0.106233177
2.588,0.112094059,,,11160,,,-0.112094059
2.59,0.117432432,,,11161,,,-0.117432432
2.592,0.12222407,,,11162,,,-0.12222407
2.594,0.12645597,,,11163,,,-0.12645597
2.596,0.13012529,,,11164,,,-0.13012529
2.598,0.13323839,,,11165,,,-0.13323839
2.6,0.135810144,,,11166,,,-0.135810144
2.602,0.137862225,,,11167,,,-0.137862225
2.604,0.139419879,,,11168,,,-0.139419879
2.606,0.140508939,,,11169,,,-0.140508939
2.608,0.141155294,,,11170,,,-0.141155294
2.61,0.14138634,,,11171,,,-0.14138634
2.612,0.141232188,,,11172,,,-0.141232188
2.614,0.140725892,,,11173,,,-0.140725892
2.616,0.139903258,,,11174,,,-0.139903258
2.618,0.138802637,,,11175,,,-0.138802637
2.62,0.137464753,,,11176,,,-0.137464753
2.622,0.135931927,,,11177,,,-0.135931927
2.624,0.134246214,,,11178,,,-0.134246214
2.626,0.132447284,,,11179,,,-0.132447284
2.628,0.130571165,,,11180,,,-0.130571165
2.63,0.128649706,,,11181,,,-0.128649706
2.632,0.126709782,,,11182,,,-0.126709782
2.634,0.124771957,,,11183,,,-0.124771957
2.636,0.122848965,,,11184,,,-0.122848965
2.638,0.120944472,,,11185,,,-0.120944472
2.64,0.119052982,,,11186,,,-0.119052982
